# Maps challenge (addr 512 cmd 20) to response (addr 342 cmd 23) for key 0
d = {
	0x0000: 0xfff5,
	0x0001: 0x88f4,
	0x0002: 0xddf7,
	0x0003: 0xeef6,
	0x0004: 0xbbf1,
	0x0005: 0x55f0,
	0x0006: 0x99f3,
	0x0007: 0xaaf2,
	0x0008: 0x77fd,
	0x0009: 0x00fc,
	0x000a: 0x55ff,
	0x000b: 0x66fe,
	0x000c: 0x33f9,
	0x000d: 0xccf8,
	0x000e: 0x11fb,
	0x000f: 0x22fa,
	0x0010: 0xeee5,
	0x0011: 0x99e4,
	0x0012: 0xcce7,
	0x0013: 0xffe6,
	0x0014: 0xaae1,
	0x0015: 0x66e0,
	0x0016: 0x88e3,
	0x0017: 0xbbe2,
	0x0018: 0x66ed,
	0x0019: 0x11ec,
	0x001a: 0x44ef,
	0x001b: 0x77ee,
	0x001c: 0x22e9,
	0x001d: 0xdde8,
	0x001e: 0x00eb,
	0x001f: 0x33ea,
	0x0020: 0xddd5,
	0x0021: 0xaad4,
	0x0022: 0xffd7,
	0x0023: 0xccd6,
	0x0024: 0x99d1,
	0x0025: 0x77d0,
	0x0026: 0xbbd3,
	0x0027: 0x88d2,
	0x0028: 0x55dd,
	0x0029: 0x22dc,
	0x002a: 0x77df,
	0x002b: 0x44de,
	0x002c: 0x11d9,
	0x002d: 0xeed8,
	0x002e: 0x33db,
	0x002f: 0x00da,
	0x0030: 0xccc5,
	0x0031: 0xbbc4,
	0x0032: 0xeec7,
	0x0033: 0xddc6,
	0x0034: 0x88c1,
	0x0035: 0x88c0,
	0x0036: 0xaac3,
	0x0037: 0x99c2,
	0x0038: 0x44cd,
	0x0039: 0x33cc,
	0x003a: 0x66cf,
	0x003b: 0x55ce,
	0x003c: 0x00c9,
	0x003d: 0xffc8,
	0x003e: 0x22cb,
	0x003f: 0x11ca,
	0x0040: 0x33b5,
	0x0041: 0x44b4,
	0x0042: 0x11b7,
	0x0043: 0x22b6,
	0x0044: 0x77b1,
	0x0045: 0x99b0,
	0x0046: 0x55b3,
	0x0047: 0x66b2,
	0x0048: 0xbbbd,
	0x0049: 0xccbc,
	0x004a: 0x99bf,
	0x004b: 0xaabe,
	0x004c: 0xffb9,
	0x004d: 0x00b8,
	0x004e: 0xddbb,
	0x004f: 0xeeba,
	0x0050: 0x22a5,
	0x0051: 0x55a4,
	0x0052: 0x00a7,
	0x0053: 0x33a6,
	0x0054: 0x66a1,
	0x0055: 0xaaa0,
	0x0056: 0x44a3,
	0x0057: 0x77a2,
	0x0058: 0xaaad,
	0x0059: 0xddac,
	0x005a: 0x88af,
	0x005b: 0xbbae,
	0x005c: 0xeea9,
	0x005d: 0x11a8,
	0x005e: 0xccab,
	0x005f: 0xffaa,
	0x0060: 0x1195,
	0x0061: 0x6694,
	0x0062: 0x3397,
	0x0063: 0x0096,
	0x0064: 0x5591,
	0x0065: 0xbb90,
	0x0066: 0x7793,
	0x0067: 0x4492,
	0x0068: 0x999d,
	0x0069: 0xee9c,
	0x006a: 0xbb9f,
	0x006b: 0x889e,
	0x006c: 0xdd99,
	0x006d: 0x2298,
	0x006e: 0xff9b,
	0x006f: 0xcc9a,
	0x0070: 0x0085,
	0x0071: 0x7784,
	0x0072: 0x2287,
	0x0073: 0x1186,
	0x0074: 0x4481,
	0x0075: 0xcc80,
	0x0076: 0x6683,
	0x0077: 0x5582,
	0x0078: 0x888d,
	0x0079: 0xff8c,
	0x007a: 0xaa8f,
	0x007b: 0x998e,
	0x007c: 0xcc89,
	0x007d: 0x3388,
	0x007e: 0xee8b,
	0x007f: 0xdd8a,
	0x0080: 0x7775,
	0x0081: 0x0074,
	0x0082: 0x5577,
	0x0083: 0x6676,
	0x0084: 0x3371,
	0x0085: 0xdd70,
	0x0086: 0x1173,
	0x0087: 0x2272,
	0x0088: 0xff7d,
	0x0089: 0x887c,
	0x008a: 0xdd7f,
	0x008b: 0xee7e,
	0x008c: 0xbb79,
	0x008d: 0x4478,
	0x008e: 0x997b,
	0x008f: 0xaa7a,
	0x0090: 0x6665,
	0x0091: 0x1164,
	0x0092: 0x4467,
	0x0093: 0x7766,
	0x0094: 0x2261,
	0x0095: 0xee60,
	0x0096: 0x0063,
	0x0097: 0x3362,
	0x0098: 0xee6d,
	0x0099: 0x996c,
	0x009a: 0xcc6f,
	0x009b: 0xff6e,
	0x009c: 0xaa69,
	0x009d: 0x5568,
	0x009e: 0x886b,
	0x009f: 0xbb6a,
	0x00a0: 0x5555,
	0x00a1: 0x2254,
	0x00a2: 0x7757,
	0x00a3: 0x4456,
	0x00a4: 0x1151,
	0x00a5: 0xff50,
	0x00a6: 0x3353,
	0x00a7: 0x0052,
	0x00a8: 0xdd5d,
	0x00a9: 0xaa5c,
	0x00aa: 0xff5f,
	0x00ab: 0xcc5e,
	0x00ac: 0x9959,
	0x00ad: 0x6658,
	0x00ae: 0xbb5b,
	0x00af: 0x885a,
	0x00b0: 0x4445,
	0x00b1: 0x3344,
	0x00b2: 0x6647,
	0x00b3: 0x5546,
	0x00b4: 0x0041,
	0x00b5: 0x0040,
	0x00b6: 0x2243,
	0x00b7: 0x1142,
	0x00b8: 0xcc4d,
	0x00b9: 0xbb4c,
	0x00ba: 0xee4f,
	0x00bb: 0xdd4e,
	0x00bc: 0x8849,
	0x00bd: 0x7748,
	0x00be: 0xaa4b,
	0x00bf: 0x994a,
	0x00c0: 0xbb35,
	0x00c1: 0xcc34,
	0x00c2: 0x9937,
	0x00c3: 0xaa36,
	0x00c4: 0xff31,
	0x00c5: 0x1130,
	0x00c6: 0xdd33,
	0x00c7: 0xee32,
	0x00c8: 0x333d,
	0x00c9: 0x443c,
	0x00ca: 0x113f,
	0x00cb: 0x223e,
	0x00cc: 0x7739,
	0x00cd: 0x8838,
	0x00ce: 0x553b,
	0x00cf: 0x663a,
	0x00d0: 0xaa25,
	0x00d1: 0xdd24,
	0x00d2: 0x8827,
	0x00d3: 0xbb26,
	0x00d4: 0xee21,
	0x00d5: 0x2220,
	0x00d6: 0xcc23,
	0x00d7: 0xff22,
	0x00d8: 0x222d,
	0x00d9: 0x552c,
	0x00da: 0x002f,
	0x00db: 0x332e,
	0x00dc: 0x6629,
	0x00dd: 0x9928,
	0x00de: 0x442b,
	0x00df: 0x772a,
	0x00e0: 0x9915,
	0x00e1: 0xee14,
	0x00e2: 0xbb17,
	0x00e3: 0x8816,
	0x00e4: 0xdd11,
	0x00e5: 0x3310,
	0x00e6: 0xff13,
	0x00e7: 0xcc12,
	0x00e8: 0x111d,
	0x00e9: 0x661c,
	0x00ea: 0x331f,
	0x00eb: 0x001e,
	0x00ec: 0x5519,
	0x00ed: 0xaa18,
	0x00ee: 0x771b,
	0x00ef: 0x441a,
	0x00f0: 0x8805,
	0x00f1: 0xff04,
	0x00f2: 0xaa07,
	0x00f3: 0x9906,
	0x00f4: 0xcc01,
	0x00f5: 0x4400,
	0x00f6: 0xee03,
	0x00f7: 0xdd02,
	0x00f8: 0x000d,
	0x00f9: 0x770c,
	0x00fa: 0x220f,
	0x00fb: 0x110e,
	0x00fc: 0x4409,
	0x00fd: 0xbb08,
	0x00fe: 0x660b,
	0x00ff: 0x550a,
	0x0100: 0x23fa,
	0x0101: 0x10fb,
	0x0102: 0xcdf8,
	0x0103: 0x32f9,
	0x0104: 0x67fe,
	0x0105: 0x54ff,
	0x0106: 0x01fc,
	0x0107: 0x76fd,
	0x0108: 0xabf2,
	0x0109: 0x98f3,
	0x010a: 0x54f0,
	0x010b: 0xbaf1,
	0x010c: 0xeff6,
	0x010d: 0xdcf7,
	0x010e: 0x89f4,
	0x010f: 0xfef5,
	0x0110: 0x32ea,
	0x0111: 0x01eb,
	0x0112: 0xdce8,
	0x0113: 0x23e9,
	0x0114: 0x76ee,
	0x0115: 0x45ef,
	0x0116: 0x10ec,
	0x0117: 0x67ed,
	0x0118: 0xbae2,
	0x0119: 0x89e3,
	0x011a: 0x67e0,
	0x011b: 0xabe1,
	0x011c: 0xfee6,
	0x011d: 0xcde7,
	0x011e: 0x98e4,
	0x011f: 0xefe5,
	0x0120: 0x01da,
	0x0121: 0x32db,
	0x0122: 0xefd8,
	0x0123: 0x10d9,
	0x0124: 0x45de,
	0x0125: 0x76df,
	0x0126: 0x23dc,
	0x0127: 0x54dd,
	0x0128: 0x89d2,
	0x0129: 0xbad3,
	0x012a: 0x76d0,
	0x012b: 0x98d1,
	0x012c: 0xcdd6,
	0x012d: 0xfed7,
	0x012e: 0xabd4,
	0x012f: 0xdcd5,
	0x0130: 0x10ca,
	0x0131: 0x23cb,
	0x0132: 0xfec8,
	0x0133: 0x01c9,
	0x0134: 0x54ce,
	0x0135: 0x67cf,
	0x0136: 0x32cc,
	0x0137: 0x45cd,
	0x0138: 0x98c2,
	0x0139: 0xabc3,
	0x013a: 0x89c0,
	0x013b: 0x89c1,
	0x013c: 0xdcc6,
	0x013d: 0xefc7,
	0x013e: 0xbac4,
	0x013f: 0xcdc5,
	0x0140: 0xefba,
	0x0141: 0xdcbb,
	0x0142: 0x01b8,
	0x0143: 0xfeb9,
	0x0144: 0xabbe,
	0x0145: 0x98bf,
	0x0146: 0xcdbc,
	0x0147: 0xbabd,
	0x0148: 0x67b2,
	0x0149: 0x54b3,
	0x014a: 0x98b0,
	0x014b: 0x76b1,
	0x014c: 0x23b6,
	0x014d: 0x10b7,
	0x014e: 0x45b4,
	0x014f: 0x32b5,
	0x0150: 0xfeaa,
	0x0151: 0xcdab,
	0x0152: 0x10a8,
	0x0153: 0xefa9,
	0x0154: 0xbaae,
	0x0155: 0x89af,
	0x0156: 0xdcac,
	0x0157: 0xabad,
	0x0158: 0x76a2,
	0x0159: 0x45a3,
	0x015a: 0xaba0,
	0x015b: 0x67a1,
	0x015c: 0x32a6,
	0x015d: 0x01a7,
	0x015e: 0x54a4,
	0x015f: 0x23a5,
	0x0160: 0xcd9a,
	0x0161: 0xfe9b,
	0x0162: 0x2398,
	0x0163: 0xdc99,
	0x0164: 0x899e,
	0x0165: 0xba9f,
	0x0166: 0xef9c,
	0x0167: 0x989d,
	0x0168: 0x4592,
	0x0169: 0x7693,
	0x016a: 0xba90,
	0x016b: 0x5491,
	0x016c: 0x0196,
	0x016d: 0x3297,
	0x016e: 0x6794,
	0x016f: 0x1095,
	0x0170: 0xdc8a,
	0x0171: 0xef8b,
	0x0172: 0x3288,
	0x0173: 0xcd89,
	0x0174: 0x988e,
	0x0175: 0xab8f,
	0x0176: 0xfe8c,
	0x0177: 0x898d,
	0x0178: 0x5482,
	0x0179: 0x6783,
	0x017a: 0xcd80,
	0x017b: 0x4581,
	0x017c: 0x1086,
	0x017d: 0x2387,
	0x017e: 0x7684,
	0x017f: 0x0185,
	0x0180: 0xab7a,
	0x0181: 0x987b,
	0x0182: 0x4578,
	0x0183: 0xba79,
	0x0184: 0xef7e,
	0x0185: 0xdc7f,
	0x0186: 0x897c,
	0x0187: 0xfe7d,
	0x0188: 0x2372,
	0x0189: 0x1073,
	0x018a: 0xdc70,
	0x018b: 0x3271,
	0x018c: 0x6776,
	0x018d: 0x5477,
	0x018e: 0x0174,
	0x018f: 0x7675,
	0x0190: 0xba6a,
	0x0191: 0x896b,
	0x0192: 0x5468,
	0x0193: 0xab69,
	0x0194: 0xfe6e,
	0x0195: 0xcd6f,
	0x0196: 0x986c,
	0x0197: 0xef6d,
	0x0198: 0x3262,
	0x0199: 0x0163,
	0x019a: 0xef60,
	0x019b: 0x2361,
	0x019c: 0x7666,
	0x019d: 0x4567,
	0x019e: 0x1064,
	0x019f: 0x6765,
	0x01a0: 0x895a,
	0x01a1: 0xba5b,
	0x01a2: 0x6758,
	0x01a3: 0x9859,
	0x01a4: 0xcd5e,
	0x01a5: 0xfe5f,
	0x01a6: 0xab5c,
	0x01a7: 0xdc5d,
	0x01a8: 0x0152,
	0x01a9: 0x3253,
	0x01aa: 0xfe50,
	0x01ab: 0x1051,
	0x01ac: 0x4556,
	0x01ad: 0x7657,
	0x01ae: 0x2354,
	0x01af: 0x5455,
	0x01b0: 0x984a,
	0x01b1: 0xab4b,
	0x01b2: 0x7648,
	0x01b3: 0x8949,
	0x01b4: 0xdc4e,
	0x01b5: 0xef4f,
	0x01b6: 0xba4c,
	0x01b7: 0xcd4d,
	0x01b8: 0x1042,
	0x01b9: 0x2343,
	0x01ba: 0x0140,
	0x01bb: 0x0141,
	0x01bc: 0x5446,
	0x01bd: 0x6747,
	0x01be: 0x3244,
	0x01bf: 0x4545,
	0x01c0: 0x673a,
	0x01c1: 0x543b,
	0x01c2: 0x8938,
	0x01c3: 0x7639,
	0x01c4: 0x233e,
	0x01c5: 0x103f,
	0x01c6: 0x453c,
	0x01c7: 0x323d,
	0x01c8: 0xef32,
	0x01c9: 0xdc33,
	0x01ca: 0x1030,
	0x01cb: 0xfe31,
	0x01cc: 0xab36,
	0x01cd: 0x9837,
	0x01ce: 0xcd34,
	0x01cf: 0xba35,
	0x01d0: 0x762a,
	0x01d1: 0x452b,
	0x01d2: 0x9828,
	0x01d3: 0x6729,
	0x01d4: 0x322e,
	0x01d5: 0x012f,
	0x01d6: 0x542c,
	0x01d7: 0x232d,
	0x01d8: 0xfe22,
	0x01d9: 0xcd23,
	0x01da: 0x2320,
	0x01db: 0xef21,
	0x01dc: 0xba26,
	0x01dd: 0x8927,
	0x01de: 0xdc24,
	0x01df: 0xab25,
	0x01e0: 0x451a,
	0x01e1: 0x761b,
	0x01e2: 0xab18,
	0x01e3: 0x5419,
	0x01e4: 0x011e,
	0x01e5: 0x321f,
	0x01e6: 0x671c,
	0x01e7: 0x101d,
	0x01e8: 0xcd12,
	0x01e9: 0xfe13,
	0x01ea: 0x3210,
	0x01eb: 0xdc11,
	0x01ec: 0x8916,
	0x01ed: 0xba17,
	0x01ee: 0xef14,
	0x01ef: 0x9815,
	0x01f0: 0x540a,
	0x01f1: 0x670b,
	0x01f2: 0xba08,
	0x01f3: 0x4509,
	0x01f4: 0x100e,
	0x01f5: 0x230f,
	0x01f6: 0x760c,
	0x01f7: 0x010d,
	0x01f8: 0xdc02,
	0x01f9: 0xef03,
	0x01fa: 0x4500,
	0x01fb: 0xcd01,
	0x01fc: 0x9806,
	0x01fd: 0xab07,
	0x01fe: 0xfe04,
	0x01ff: 0x8905,
	0x0200: 0x57ff,
	0x0201: 0x64fe,
	0x0202: 0x75fd,
	0x0203: 0x02fc,
	0x0204: 0x13fb,
	0x0205: 0x20fa,
	0x0206: 0x31f9,
	0x0207: 0xcef8,
	0x0208: 0xdff7,
	0x0209: 0xecf6,
	0x020a: 0xfdf5,
	0x020b: 0x8af4,
	0x020c: 0x9bf3,
	0x020d: 0xa8f2,
	0x020e: 0xb9f1,
	0x020f: 0x57f0,
	0x0210: 0x46ef,
	0x0211: 0x75ee,
	0x0212: 0x64ed,
	0x0213: 0x13ec,
	0x0214: 0x02eb,
	0x0215: 0x31ea,
	0x0216: 0x20e9,
	0x0217: 0xdfe8,
	0x0218: 0xcee7,
	0x0219: 0xfde6,
	0x021a: 0xece5,
	0x021b: 0x9be4,
	0x021c: 0x8ae3,
	0x021d: 0xb9e2,
	0x021e: 0xa8e1,
	0x021f: 0x64e0,
	0x0220: 0x75df,
	0x0221: 0x46de,
	0x0222: 0x57dd,
	0x0223: 0x20dc,
	0x0224: 0x31db,
	0x0225: 0x02da,
	0x0226: 0x13d9,
	0x0227: 0xecd8,
	0x0228: 0xfdd7,
	0x0229: 0xced6,
	0x022a: 0xdfd5,
	0x022b: 0xa8d4,
	0x022c: 0xb9d3,
	0x022d: 0x8ad2,
	0x022e: 0x9bd1,
	0x022f: 0x75d0,
	0x0230: 0x64cf,
	0x0231: 0x57ce,
	0x0232: 0x46cd,
	0x0233: 0x31cc,
	0x0234: 0x20cb,
	0x0235: 0x13ca,
	0x0236: 0x02c9,
	0x0237: 0xfdc8,
	0x0238: 0xecc7,
	0x0239: 0xdfc6,
	0x023a: 0xcec5,
	0x023b: 0xb9c4,
	0x023c: 0xa8c3,
	0x023d: 0x9bc2,
	0x023e: 0x8ac1,
	0x023f: 0x8ac0,
	0x0240: 0x9bbf,
	0x0241: 0xa8be,
	0x0242: 0xb9bd,
	0x0243: 0xcebc,
	0x0244: 0xdfbb,
	0x0245: 0xecba,
	0x0246: 0xfdb9,
	0x0247: 0x02b8,
	0x0248: 0x13b7,
	0x0249: 0x20b6,
	0x024a: 0x31b5,
	0x024b: 0x46b4,
	0x024c: 0x57b3,
	0x024d: 0x64b2,
	0x024e: 0x75b1,
	0x024f: 0x9bb0,
	0x0250: 0x8aaf,
	0x0251: 0xb9ae,
	0x0252: 0xa8ad,
	0x0253: 0xdfac,
	0x0254: 0xceab,
	0x0255: 0xfdaa,
	0x0256: 0xeca9,
	0x0257: 0x13a8,
	0x0258: 0x02a7,
	0x0259: 0x31a6,
	0x025a: 0x20a5,
	0x025b: 0x57a4,
	0x025c: 0x46a3,
	0x025d: 0x75a2,
	0x025e: 0x64a1,
	0x025f: 0xa8a0,
	0x0260: 0xb99f,
	0x0261: 0x8a9e,
	0x0262: 0x9b9d,
	0x0263: 0xec9c,
	0x0264: 0xfd9b,
	0x0265: 0xce9a,
	0x0266: 0xdf99,
	0x0267: 0x2098,
	0x0268: 0x3197,
	0x0269: 0x0296,
	0x026a: 0x1395,
	0x026b: 0x6494,
	0x026c: 0x7593,
	0x026d: 0x4692,
	0x026e: 0x5791,
	0x026f: 0xb990,
	0x0270: 0xa88f,
	0x0271: 0x9b8e,
	0x0272: 0x8a8d,
	0x0273: 0xfd8c,
	0x0274: 0xec8b,
	0x0275: 0xdf8a,
	0x0276: 0xce89,
	0x0277: 0x3188,
	0x0278: 0x2087,
	0x0279: 0x1386,
	0x027a: 0x0285,
	0x027b: 0x7584,
	0x027c: 0x6483,
	0x027d: 0x5782,
	0x027e: 0x4681,
	0x027f: 0xce80,
	0x0280: 0xdf7f,
	0x0281: 0xec7e,
	0x0282: 0xfd7d,
	0x0283: 0x8a7c,
	0x0284: 0x9b7b,
	0x0285: 0xa87a,
	0x0286: 0xb979,
	0x0287: 0x4678,
	0x0288: 0x5777,
	0x0289: 0x6476,
	0x028a: 0x7575,
	0x028b: 0x0274,
	0x028c: 0x1373,
	0x028d: 0x2072,
	0x028e: 0x3171,
	0x028f: 0xdf70,
	0x0290: 0xce6f,
	0x0291: 0xfd6e,
	0x0292: 0xec6d,
	0x0293: 0x9b6c,
	0x0294: 0x8a6b,
	0x0295: 0xb96a,
	0x0296: 0xa869,
	0x0297: 0x5768,
	0x0298: 0x4667,
	0x0299: 0x7566,
	0x029a: 0x6465,
	0x029b: 0x1364,
	0x029c: 0x0263,
	0x029d: 0x3162,
	0x029e: 0x2061,
	0x029f: 0xec60,
	0x02a0: 0xfd5f,
	0x02a1: 0xce5e,
	0x02a2: 0xdf5d,
	0x02a3: 0xa85c,
	0x02a4: 0xb95b,
	0x02a5: 0x8a5a,
	0x02a6: 0x9b59,
	0x02a7: 0x6458,
	0x02a8: 0x7557,
	0x02a9: 0x4656,
	0x02aa: 0x5755,
	0x02ab: 0x2054,
	0x02ac: 0x3153,
	0x02ad: 0x0252,
	0x02ae: 0x1351,
	0x02af: 0xfd50,
	0x02b0: 0xec4f,
	0x02b1: 0xdf4e,
	0x02b2: 0xce4d,
	0x02b3: 0xb94c,
	0x02b4: 0xa84b,
	0x02b5: 0x9b4a,
	0x02b6: 0x8a49,
	0x02b7: 0x7548,
	0x02b8: 0x6447,
	0x02b9: 0x5746,
	0x02ba: 0x4645,
	0x02bb: 0x3144,
	0x02bc: 0x2043,
	0x02bd: 0x1342,
	0x02be: 0x0241,
	0x02bf: 0x0240,
	0x02c0: 0x133f,
	0x02c1: 0x203e,
	0x02c2: 0x313d,
	0x02c3: 0x463c,
	0x02c4: 0x573b,
	0x02c5: 0x643a,
	0x02c6: 0x7539,
	0x02c7: 0x8a38,
	0x02c8: 0x9b37,
	0x02c9: 0xa836,
	0x02ca: 0xb935,
	0x02cb: 0xce34,
	0x02cc: 0xdf33,
	0x02cd: 0xec32,
	0x02ce: 0xfd31,
	0x02cf: 0x1330,
	0x02d0: 0x022f,
	0x02d1: 0x312e,
	0x02d2: 0x202d,
	0x02d3: 0x572c,
	0x02d4: 0x462b,
	0x02d5: 0x752a,
	0x02d6: 0x6429,
	0x02d7: 0x9b28,
	0x02d8: 0x8a27,
	0x02d9: 0xb926,
	0x02da: 0xa825,
	0x02db: 0xdf24,
	0x02dc: 0xce23,
	0x02dd: 0xfd22,
	0x02de: 0xec21,
	0x02df: 0x2020,
	0x02e0: 0x311f,
	0x02e1: 0x021e,
	0x02e2: 0x131d,
	0x02e3: 0x641c,
	0x02e4: 0x751b,
	0x02e5: 0x461a,
	0x02e6: 0x5719,
	0x02e7: 0xa818,
	0x02e8: 0xb917,
	0x02e9: 0x8a16,
	0x02ea: 0x9b15,
	0x02eb: 0xec14,
	0x02ec: 0xfd13,
	0x02ed: 0xce12,
	0x02ee: 0xdf11,
	0x02ef: 0x3110,
	0x02f0: 0x200f,
	0x02f1: 0x130e,
	0x02f2: 0x020d,
	0x02f3: 0x750c,
	0x02f4: 0x640b,
	0x02f5: 0x570a,
	0x02f6: 0x4609,
	0x02f7: 0xb908,
	0x02f8: 0xa807,
	0x02f9: 0x9b06,
	0x02fa: 0x8a05,
	0x02fb: 0xfd04,
	0x02fc: 0xec03,
	0x02fd: 0xdf02,
	0x02fe: 0xce01,
	0x02ff: 0x4600,
	0x0300: 0xfc04,
	0x0301: 0x8b05,
	0x0302: 0x9a06,
	0x0303: 0xa907,
	0x0304: 0x4700,
	0x0305: 0xcf01,
	0x0306: 0xde02,
	0x0307: 0xed03,
	0x0308: 0x740c,
	0x0309: 0x030d,
	0x030a: 0x120e,
	0x030b: 0x210f,
	0x030c: 0xb808,
	0x030d: 0x4709,
	0x030e: 0x560a,
	0x030f: 0x650b,
	0x0310: 0xed14,
	0x0311: 0x9a15,
	0x0312: 0x8b16,
	0x0313: 0xb817,
	0x0314: 0x3010,
	0x0315: 0xde11,
	0x0316: 0xcf12,
	0x0317: 0xfc13,
	0x0318: 0x651c,
	0x0319: 0x121d,
	0x031a: 0x031e,
	0x031b: 0x301f,
	0x031c: 0xa918,
	0x031d: 0x5619,
	0x031e: 0x471a,
	0x031f: 0x741b,
	0x0320: 0xde24,
	0x0321: 0xa925,
	0x0322: 0xb826,
	0x0323: 0x8b27,
	0x0324: 0x2120,
	0x0325: 0xed21,
	0x0326: 0xfc22,
	0x0327: 0xcf23,
	0x0328: 0x562c,
	0x0329: 0x212d,
	0x032a: 0x302e,
	0x032b: 0x032f,
	0x032c: 0x9a28,
	0x032d: 0x6529,
	0x032e: 0x742a,
	0x032f: 0x472b,
	0x0330: 0xcf34,
	0x0331: 0xb835,
	0x0332: 0xa936,
	0x0333: 0x9a37,
	0x0334: 0x1230,
	0x0335: 0xfc31,
	0x0336: 0xed32,
	0x0337: 0xde33,
	0x0338: 0x473c,
	0x0339: 0x303d,
	0x033a: 0x213e,
	0x033b: 0x123f,
	0x033c: 0x8b38,
	0x033d: 0x7439,
	0x033e: 0x653a,
	0x033f: 0x563b,
	0x0340: 0x3044,
	0x0341: 0x4745,
	0x0342: 0x5646,
	0x0343: 0x6547,
	0x0344: 0x0340,
	0x0345: 0x0341,
	0x0346: 0x1242,
	0x0347: 0x2143,
	0x0348: 0xb84c,
	0x0349: 0xcf4d,
	0x034a: 0xde4e,
	0x034b: 0xed4f,
	0x034c: 0x7448,
	0x034d: 0x8b49,
	0x034e: 0x9a4a,
	0x034f: 0xa94b,
	0x0350: 0x2154,
	0x0351: 0x5655,
	0x0352: 0x4756,
	0x0353: 0x7457,
	0x0354: 0xfc50,
	0x0355: 0x1251,
	0x0356: 0x0352,
	0x0357: 0x3053,
	0x0358: 0xa95c,
	0x0359: 0xde5d,
	0x035a: 0xcf5e,
	0x035b: 0xfc5f,
	0x035c: 0x6558,
	0x035d: 0x9a59,
	0x035e: 0x8b5a,
	0x035f: 0xb85b,
	0x0360: 0x1264,
	0x0361: 0x6565,
	0x0362: 0x7466,
	0x0363: 0x4767,
	0x0364: 0xed60,
	0x0365: 0x2161,
	0x0366: 0x3062, # 0366: 4f55,
	0x0367: 0x0363,
	0x0368: 0x9a6c,
	0x0369: 0xed6d,
	0x036a: 0xfc6e,
	0x036b: 0xcf6f,
	0x036c: 0x5668,
	0x036d: 0xa969,
	0x036e: 0xb86a,
	0x036f: 0x8b6b,
	0x0370: 0x0374,
	0x0371: 0x7475,
	0x0372: 0x6576,
	0x0373: 0x5677,
	0x0374: 0xde70,
	0x0375: 0x3071,
	0x0376: 0x2172,
	0x0377: 0x1273,
	0x0378: 0x8b7c,
	0x0379: 0xfc7d,
	0x037a: 0xed7e,
	0x037b: 0xde7f,
	0x037c: 0x4778,
	0x037d: 0xb879,
	0x037e: 0xa97a,
	0x037f: 0x9a7b,
	0x0380: 0x7484,
	0x0381: 0x0385,
	0x0382: 0x1286,
	0x0383: 0x2187,
	0x0384: 0xcf80,
	0x0385: 0x4781,
	0x0386: 0x5682,
	0x0387: 0x6583,
	0x0388: 0xfc8c,
	0x0389: 0x8b8d,
	0x038a: 0x9a8e,
	0x038b: 0xa98f,
	0x038c: 0x3088,
	0x038d: 0xcf89,
	0x038e: 0xde8a,
	0x038f: 0xed8b,
	0x0390: 0x6594,
	0x0391: 0x1295,
	0x0392: 0x0396,
	0x0393: 0x3097,
	0x0394: 0xb890,
	0x0395: 0x5691,
	0x0396: 0x4792,
	0x0397: 0x7493,
	0x0398: 0xed9c,
	0x0399: 0x9a9d,
	0x039a: 0x8b9e,
	0x039b: 0xb89f,
	0x039c: 0x2198,
	0x039d: 0xde99,
	0x039e: 0xcf9a,
	0x039f: 0xfc9b,
	0x03a0: 0x56a4,
	0x03a1: 0x21a5,
	0x03a2: 0x30a6,
	0x03a3: 0x03a7,
	0x03a4: 0xa9a0,
	0x03a5: 0x65a1,
	0x03a6: 0x74a2,
	0x03a7: 0x47a3,
	0x03a8: 0xdeac,
	0x03a9: 0xa9ad,
	0x03aa: 0xb8ae,
	0x03ab: 0x8baf,
	0x03ac: 0x12a8,
	0x03ad: 0xeda9,
	0x03ae: 0xfcaa,
	0x03af: 0xcfab,
	0x03b0: 0x47b4,
	0x03b1: 0x30b5,
	0x03b2: 0x21b6,
	0x03b3: 0x12b7,
	0x03b4: 0x9ab0,
	0x03b5: 0x74b1,
	0x03b6: 0x65b2,
	0x03b7: 0x56b3,
	0x03b8: 0xcfbc,
	0x03b9: 0xb8bd,
	0x03ba: 0xa9be,
	0x03bb: 0x9abf,
	0x03bc: 0x03b8,
	0x03bd: 0xfcb9,
	0x03be: 0xedba,
	0x03bf: 0xdebb,
	0x03c0: 0xb8c4,
	0x03c1: 0xcfc5,
	0x03c2: 0xdec6,
	0x03c3: 0xedc7,
	0x03c4: 0x8bc0,
	0x03c5: 0x8bc1,
	0x03c6: 0x9ac2,
	0x03c7: 0xa9c3,
	0x03c8: 0x30cc,
	0x03c9: 0x47cd,
	0x03ca: 0x56ce,
	0x03cb: 0x65cf,
	0x03cc: 0xfcc8,
	0x03cd: 0x03c9,
	0x03ce: 0x12ca,
	0x03cf: 0x21cb,
	0x03d0: 0xa9d4,
	0x03d1: 0xded5,
	0x03d2: 0xcfd6,
	0x03d3: 0xfcd7,
	0x03d4: 0x74d0,
	0x03d5: 0x9ad1,
	0x03d6: 0x8bd2,
	0x03d7: 0xb8d3,
	0x03d8: 0x21dc,
	0x03d9: 0x56dd,
	0x03da: 0x47de,
	0x03db: 0x74df,
	0x03dc: 0xedd8,
	0x03dd: 0x12d9,
	0x03de: 0x03da,
	0x03df: 0x30db,
	0x03e0: 0x9ae4,
	0x03e1: 0xede5,
	0x03e2: 0xfce6,
	0x03e3: 0xcfe7,
	0x03e4: 0x65e0,
	0x03e5: 0xa9e1,
	0x03e6: 0xb8e2,
	0x03e7: 0x8be3,
	0x03e8: 0x12ec,
	0x03e9: 0x65ed,
	0x03ea: 0x74ee,
	0x03eb: 0x47ef,
	0x03ec: 0xdee8,
	0x03ed: 0x21e9,
	0x03ee: 0x30ea,
	0x03ef: 0x03eb,
	0x03f0: 0x8bf4,
	0x03f1: 0xfcf5,
	0x03f2: 0xedf6,
	0x03f3: 0xdef7,
	0x03f4: 0x56f0,
	0x03f5: 0xb8f1,
	0x03f6: 0xa9f2,
	0x03f7: 0x9af3,
	0x03f8: 0x03fc,
	0x03f9: 0x74fd,
	0x03fa: 0x65fe,
	0x03fb: 0x56ff,
	0x03fc: 0xcff8,
	0x03fd: 0x30f9,
	0x03fe: 0x21fa,
	0x03ff: 0x12fb,
	0x0400: 0x4009,
	0x0401: 0xbf08,
	0x0402: 0x620b,
	0x0403: 0x510a,
	0x0404: 0x040d,
	0x0405: 0x730c,
	0x0406: 0x260f,
	0x0407: 0x150e,
	0x0408: 0xc801,
	0x0409: 0x4000,
	0x040a: 0xea03,
	0x040b: 0xd902,
	0x040c: 0x8c05,
	0x040d: 0xfb04,
	0x040e: 0xae07,
	0x040f: 0x9d06,
	0x0410: 0x5119,
	0x0411: 0xae18,
	0x0412: 0x731b,
	0x0413: 0x401a,
	0x0414: 0x151d,
	0x0415: 0x621c,
	0x0416: 0x371f,
	0x0417: 0x041e,
	0x0418: 0xd911,
	0x0419: 0x3710,
	0x041a: 0xfb13,
	0x041b: 0xc812,
	0x041c: 0x9d15,
	0x041d: 0xea14,
	0x041e: 0xbf17,
	0x041f: 0x8c16,
	0x0420: 0x6229,
	0x0421: 0x9d28,
	0x0422: 0x402b,
	0x0423: 0x732a,
	0x0424: 0x262d,
	0x0425: 0x512c,
	0x0426: 0x042f,
	0x0427: 0x372e,
	0x0428: 0xea21,
	0x0429: 0x2620,
	0x042a: 0xc823,
	0x042b: 0xfb22,
	0x042c: 0xae25,
	0x042d: 0xd924,
	0x042e: 0x8c27,
	0x042f: 0xbf26,
	0x0430: 0x7339,
	0x0431: 0x8c38,
	0x0432: 0x513b,
	0x0433: 0x623a,
	0x0434: 0x373d,
	0x0435: 0x403c,
	0x0436: 0x153f,
	0x0437: 0x263e,
	0x0438: 0xfb31,
	0x0439: 0x1530,
	0x043a: 0xd933,
	0x043b: 0xea32,
	0x043c: 0xbf35,
	0x043d: 0xc834,
	0x043e: 0x9d37,
	0x043f: 0xae36,
	0x0440: 0x8c49,
	0x0441: 0x7348,
	0x0442: 0xae4b,
	0x0443: 0x9d4a,
	0x0444: 0xc84d,
	0x0445: 0xbf4c,
	0x0446: 0xea4f,
	0x0447: 0xd94e,
	0x0448: 0x0441,
	0x0449: 0x0440,
	0x044a: 0x2643,
	0x044b: 0x1542,
	0x044c: 0x4045,
	0x044d: 0x3744,
	0x044e: 0x6247,
	0x044f: 0x5146,
	0x0450: 0x9d59,
	0x0451: 0x6258,
	0x0452: 0xbf5b,
	0x0453: 0x8c5a,
	0x0454: 0xd95d,
	0x0455: 0xae5c,
	0x0456: 0xfb5f,
	0x0457: 0xc85e,
	0x0458: 0x1551,
	0x0459: 0xfb50,
	0x045a: 0x3753,
	0x045b: 0x0452,
	0x045c: 0x5155,
	0x045d: 0x2654,
	0x045e: 0x7357,
	0x045f: 0x4056,
	0x0460: 0xae69,
	0x0461: 0x5168,
	0x0462: 0x8c6b,
	0x0463: 0xbf6a,
	0x0464: 0xea6d,
	0x0465: 0x9d6c,
	0x0466: 0xc86f,
	0x0467: 0xfb6e,
	0x0468: 0x2661,
	0x0469: 0xea60,
	0x046a: 0x0463,
	0x046b: 0x3762,
	0x046c: 0x6265,
	0x046d: 0x1564,
	0x046e: 0x4067,
	0x046f: 0x7366,
	0x0470: 0xbf79,
	0x0471: 0x4078,
	0x0472: 0x9d7b,
	0x0473: 0xae7a,
	0x0474: 0xfb7d,
	0x0475: 0x8c7c,
	0x0476: 0xd97f,
	0x0477: 0xea7e,
	0x0478: 0x3771,
	0x0479: 0xd970,
	0x047a: 0x1573,
	0x047b: 0x2672,
	0x047c: 0x7375,
	0x047d: 0x0474,
	0x047e: 0x5177,
	0x047f: 0x6276,
	0x0480: 0xc889,
	0x0481: 0x3788,
	0x0482: 0xea8b,
	0x0483: 0xd98a,
	0x0484: 0x8c8d,
	0x0485: 0xfb8c,
	0x0486: 0xae8f,
	0x0487: 0x9d8e,
	0x0488: 0x4081,
	0x0489: 0xc880,
	0x048a: 0x6283,
	0x048b: 0x5182,
	0x048c: 0x0485,
	0x048d: 0x7384,
	0x048e: 0x2687,
	0x048f: 0x1586,
	0x0490: 0xd999,
	0x0491: 0x2698,
	0x0492: 0xfb9b,
	0x0493: 0xc89a,
	0x0494: 0x9d9d,
	0x0495: 0xea9c,
	0x0496: 0xbf9f,
	0x0497: 0x8c9e,
	0x0498: 0x5191,
	0x0499: 0xbf90,
	0x049a: 0x7393,
	0x049b: 0x4092,
	0x049c: 0x1595,
	0x049d: 0x6294,
	0x049e: 0x3797,
	0x049f: 0x0496,
	0x04a0: 0xeaa9,
	0x04a1: 0x15a8,
	0x04a2: 0xc8ab,
	0x04a3: 0xfbaa,
	0x04a4: 0xaead,
	0x04a5: 0xd9ac,
	0x04a6: 0x8caf,
	0x04a7: 0xbfae,
	0x04a8: 0x62a1,
	0x04a9: 0xaea0,
	0x04aa: 0x40a3,
	0x04ab: 0x73a2,
	0x04ac: 0x26a5,
	0x04ad: 0x51a4,
	0x04ae: 0x04a7,
	0x04af: 0x37a6,
	0x04b0: 0xfbb9,
	0x04b1: 0x04b8,
	0x04b2: 0xd9bb,
	0x04b3: 0xeaba,
	0x04b4: 0xbfbd,
	0x04b5: 0xc8bc,
	0x04b6: 0x9dbf,
	0x04b7: 0xaebe,
	0x04b8: 0x73b1,
	0x04b9: 0x9db0,
	0x04ba: 0x51b3,
	0x04bb: 0x62b2,
	0x04bc: 0x37b5,
	0x04bd: 0x40b4,
	0x04be: 0x15b7,
	0x04bf: 0x26b6,
	0x04c0: 0x04c9,
	0x04c1: 0xfbc8,
	0x04c2: 0x26cb,
	0x04c3: 0x15ca,
	0x04c4: 0x40cd,
	0x04c5: 0x37cc,
	0x04c6: 0x62cf,
	0x04c7: 0x51ce,
	0x04c8: 0x8cc1,
	0x04c9: 0x8cc0,
	0x04ca: 0xaec3,
	0x04cb: 0x9dc2,
	0x04cc: 0xc8c5,
	0x04cd: 0xbfc4,
	0x04ce: 0xeac7,
	0x04cf: 0xd9c6,
	0x04d0: 0x15d9,
	0x04d1: 0xead8,
	0x04d2: 0x37db,
	0x04d3: 0x04da,
	0x04d4: 0x51dd,
	0x04d5: 0x26dc,
	0x04d6: 0x73df,
	0x04d7: 0x40de,
	0x04d8: 0x9dd1,
	0x04d9: 0x73d0,
	0x04da: 0xbfd3,
	0x04db: 0x8cd2,
	0x04dc: 0xd9d5,
	0x04dd: 0xaed4,
	0x04de: 0xfbd7,
	0x04df: 0xc8d6,
	0x04e0: 0x26e9,
	0x04e1: 0xd9e8,
	0x04e2: 0x04eb,
	0x04e3: 0x37ea,
	0x04e4: 0x62ed,
	0x04e5: 0x15ec,
	0x04e6: 0x40ef,
	0x04e7: 0x73ee,
	0x04e8: 0xaee1,
	0x04e9: 0x62e0,
	0x04ea: 0x8ce3,
	0x04eb: 0xbfe2,
	0x04ec: 0xeae5,
	0x04ed: 0x9de4,
	0x04ee: 0xc8e7,
	0x04ef: 0xfbe6,
	0x04f0: 0x37f9,
	0x04f1: 0xc8f8,
	0x04f2: 0x15fb,
	0x04f3: 0x26fa,
	0x04f4: 0x73fd,
	0x04f5: 0x04fc,
	0x04f6: 0x51ff,
	0x04f7: 0x62fe,
	0x04f8: 0xbff1,
	0x04f9: 0x51f0,
	0x04fa: 0x9df3,
	0x04fb: 0xaef2,
	0x04fc: 0xfbf5,
	0x04fd: 0x8cf4,
	0x04fe: 0xd9f7,
	0x04ff: 0xeaf6,
	0x0500: 0x140e,
	0x0501: 0x270f,
	0x0502: 0x720c,
	0x0503: 0x050d,
	0x0504: 0x500a,
	0x0505: 0x630b,
	0x0506: 0xbe08,
	0x0507: 0x4109,
	0x0508: 0x9c06,
	0x0509: 0xaf07,
	0x050a: 0xfa04,
	0x050b: 0x8d05,
	0x050c: 0xd802,
	0x050d: 0xeb03,
	0x050e: 0x4100,
	0x050f: 0xc901,
	0x0510: 0x051e,
	0x0511: 0x361f,
	0x0512: 0x631c,
	0x0513: 0x141d,
	0x0514: 0x411a,
	0x0515: 0x721b,
	0x0516: 0xaf18,
	0x0517: 0x5019,
	0x0518: 0x8d16,
	0x0519: 0xbe17,
	0x051a: 0xeb14,
	0x051b: 0x9c15,
	0x051c: 0xc912,
	0x051d: 0xfa13,
	0x051e: 0x3610,
	0x051f: 0xd811,
	0x0520: 0x362e,
	0x0521: 0x052f,
	0x0522: 0x502c,
	0x0523: 0x272d,
	0x0524: 0x722a,
	0x0525: 0x412b,
	0x0526: 0x9c28,
	0x0527: 0x6329,
	0x0528: 0xbe26,
	0x0529: 0x8d27,
	0x052a: 0xd824,
	0x052b: 0xaf25,
	0x052c: 0xfa22,
	0x052d: 0xc923,
	0x052e: 0x2720,
	0x052f: 0xeb21,
	0x0530: 0x273e,
	0x0531: 0x143f,
	0x0532: 0x413c,
	0x0533: 0x363d,
	0x0534: 0x633a,
	0x0535: 0x503b,
	0x0536: 0x8d38,
	0x0537: 0x7239,
	0x0538: 0xaf36,
	0x0539: 0x9c37,
	0x053a: 0xc934,
	0x053b: 0xbe35,
	0x053c: 0xeb32,
	0x053d: 0xd833,
	0x053e: 0x1430,
	0x053f: 0xfa31,
	0x0540: 0xd84e,
	0x0541: 0xeb4f,
	0x0542: 0xbe4c,
	0x0543: 0xc94d,
	0x0544: 0x9c4a,
	0x0545: 0xaf4b,
	0x0546: 0x7248,
	0x0547: 0x8d49,
	0x0548: 0x5046,
	0x0549: 0x6347,
	0x054a: 0x3644,
	0x054b: 0x4145,
	0x054c: 0x1442,
	0x054d: 0x2743,
	0x054e: 0x0540,
	0x054f: 0x0541,
	0x0550: 0xc95e,
	0x0551: 0xfa5f,
	0x0552: 0xaf5c,
	0x0553: 0xd85d,
	0x0554: 0x8d5a,
	0x0555: 0xbe5b,
	0x0556: 0x6358,
	0x0557: 0x9c59,
	0x0558: 0x4156,
	0x0559: 0x7257,
	0x055a: 0x2754,
	0x055b: 0x5055,
	0x055c: 0x0552,
	0x055d: 0x3653,
	0x055e: 0xfa50,
	0x055f: 0x1451,
	0x0560: 0xfa6e,
	0x0561: 0xc96f,
	0x0562: 0x9c6c,
	0x0563: 0xeb6d,
	0x0564: 0xbe6a,
	0x0565: 0x8d6b,
	0x0566: 0x5068,
	0x0567: 0xaf69,
	0x0568: 0x7266,
	0x0569: 0x4167,
	0x056a: 0x1464,
	0x056b: 0x6365,
	0x056c: 0x3662,
	0x056d: 0x0563,
	0x056e: 0xeb60,
	0x056f: 0x2761,
	0x0570: 0xeb7e,
	0x0571: 0xd87f,
	0x0572: 0x8d7c,
	0x0573: 0xfa7d,
	0x0574: 0xaf7a,
	0x0575: 0x9c7b,
	0x0576: 0x4178,
	0x0577: 0xbe79,
	0x0578: 0x6376,
	0x0579: 0x5077,
	0x057a: 0x0574,
	0x057b: 0x7275,
	0x057c: 0x2772,
	0x057d: 0x1473,
	0x057e: 0xd870,
	0x057f: 0x3671,
	0x0580: 0x9c8e,
	0x0581: 0xaf8f,
	0x0582: 0xfa8c,
	0x0583: 0x8d8d,
	0x0584: 0xd88a,
	0x0585: 0xeb8b,
	0x0586: 0x3688,
	0x0587: 0xc989,
	0x0588: 0x1486,
	0x0589: 0x2787,
	0x058a: 0x7284,
	0x058b: 0x0585,
	0x058c: 0x5082,
	0x058d: 0x6383,
	0x058e: 0xc980,
	0x058f: 0x4181,
	0x0590: 0x8d9e,
	0x0591: 0xbe9f,
	0x0592: 0xeb9c,
	0x0593: 0x9c9d,
	0x0594: 0xc99a,
	0x0595: 0xfa9b,
	0x0596: 0x2798,
	0x0597: 0xd899,
	0x0598: 0x0596,
	0x0599: 0x3697,
	0x059a: 0x6394,
	0x059b: 0x1495,
	0x059c: 0x4192,
	0x059d: 0x7293,
	0x059e: 0xbe90,
	0x059f: 0x5091,
	0x05a0: 0xbeae,
	0x05a1: 0x8daf,
	0x05a2: 0xd8ac,
	0x05a3: 0xafad,
	0x05a4: 0xfaaa,
	0x05a5: 0xc9ab,
	0x05a6: 0x14a8,
	0x05a7: 0xeba9,
	0x05a8: 0x36a6,
	0x05a9: 0x05a7,
	0x05aa: 0x50a4,
	0x05ab: 0x27a5,
	0x05ac: 0x72a2,
	0x05ad: 0x41a3,
	0x05ae: 0xafa0,
	0x05af: 0x63a1,
	0x05b0: 0xafbe,
	0x05b1: 0x9cbf,
	0x05b2: 0xc9bc,
	0x05b3: 0xbebd,
	0x05b4: 0xebba,
	0x05b5: 0xd8bb,
	0x05b6: 0x05b8,
	0x05b7: 0xfab9,
	0x05b8: 0x27b6,
	0x05b9: 0x14b7,
	0x05ba: 0x41b4,
	0x05bb: 0x36b5,
	0x05bc: 0x63b2,
	0x05bd: 0x50b3,
	0x05be: 0x9cb0,
	0x05bf: 0x72b1,
	0x05c0: 0x50ce,
	0x05c1: 0x63cf,
	0x05c2: 0x36cc,
	0x05c3: 0x41cd,
	0x05c4: 0x14ca,
	0x05c5: 0x27cb,
	0x05c6: 0xfac8,
	0x05c7: 0x05c9,
	0x05c8: 0xd8c6,
	0x05c9: 0xebc7,
	0x05ca: 0xbec4,
	0x05cb: 0xc9c5,
	0x05cc: 0x9cc2,
	0x05cd: 0xafc3,
	0x05ce: 0x8dc0,
	0x05cf: 0x8dc1,
	0x05d0: 0x41de,
	0x05d1: 0x72df,
	0x05d2: 0x27dc,
	0x05d3: 0x50dd,
	0x05d4: 0x05da,
	0x05d5: 0x36db,
	0x05d6: 0xebd8,
	0x05d7: 0x14d9,
	0x05d8: 0xc9d6,
	0x05d9: 0xfad7,
	0x05da: 0xafd4,
	0x05db: 0xd8d5,
	0x05dc: 0x8dd2,
	0x05dd: 0xbed3,
	0x05de: 0x72d0,
	0x05df: 0x9cd1,
	0x05e0: 0x72ee,
	0x05e1: 0x41ef,
	0x05e2: 0x14ec,
	0x05e3: 0x63ed,
	0x05e4: 0x36ea,
	0x05e5: 0x05eb,
	0x05e6: 0xd8e8,
	0x05e7: 0x27e9,
	0x05e8: 0xfae6,
	0x05e9: 0xc9e7,
	0x05ea: 0x9ce4,
	0x05eb: 0xebe5,
	0x05ec: 0xbee2,
	0x05ed: 0x8de3,
	0x05ee: 0x63e0,
	0x05ef: 0xafe1,
	0x05f0: 0x63fe,
	0x05f1: 0x50ff,
	0x05f2: 0x05fc,
	0x05f3: 0x72fd,
	0x05f4: 0x27fa,
	0x05f5: 0x14fb,
	0x05f6: 0xc9f8,
	0x05f7: 0x36f9,
	0x05f8: 0xebf6,
	0x05f9: 0xd8f7,
	0x05fa: 0x8df4,
	0x05fb: 0xfaf5,
	0x05fc: 0xaff2,
	0x05fd: 0x9cf3,
	0x05fe: 0x50f0,
	0x05ff: 0xbef1,
	0x0600: 0xf913,
	0x0601: 0xca12,
	0x0602: 0xdb11,
	0x0603: 0x3510,
	0x0604: 0xbd17,
	0x0605: 0x8e16,
	0x0606: 0x9f15,
	0x0607: 0xe814,
	0x0608: 0x711b,
	0x0609: 0x421a,
	0x060a: 0x5319,
	0x060b: 0xac18,
	0x060c: 0x351f,
	0x060d: 0x061e,
	0x060e: 0x171d,
	0x060f: 0x601c,
	0x0610: 0xe803,
	0x0611: 0xdb02,
	0x0612: 0xca01,
	0x0613: 0x4200,
	0x0614: 0xac07,
	0x0615: 0x9f06,
	0x0616: 0x8e05,
	0x0617: 0xf904,
	0x0618: 0x600b,
	0x0619: 0x530a,
	0x061a: 0x4209,
	0x061b: 0xbd08,
	0x061c: 0x240f,
	0x061d: 0x170e,
	0x061e: 0x060d,
	0x061f: 0x710c,
	0x0620: 0xdb33,
	0x0621: 0xe832,
	0x0622: 0xf931,
	0x0623: 0x1730,
	0x0624: 0x9f37,
	0x0625: 0xac36,
	0x0626: 0xbd35,
	0x0627: 0xca34,
	0x0628: 0x533b,
	0x0629: 0x603a,
	0x062a: 0x7139,
	0x062b: 0x8e38,
	0x062c: 0x173f,
	0x062d: 0x243e,
	0x062e: 0x353d,
	0x062f: 0x423c,
	0x0630: 0xca23,
	0x0631: 0xf922,
	0x0632: 0xe821,
	0x0633: 0x2420,
	0x0634: 0x8e27,
	0x0635: 0xbd26,
	0x0636: 0xac25,
	0x0637: 0xdb24,
	0x0638: 0x422b,
	0x0639: 0x712a,
	0x063a: 0x6029,
	0x063b: 0x9f28,
	0x063c: 0x062f,
	0x063d: 0x352e,
	0x063e: 0x242d,
	0x063f: 0x532c,
	0x0640: 0x3553,
	0x0641: 0x0652,
	0x0642: 0x1751,
	0x0643: 0xf950,
	0x0644: 0x7157,
	0x0645: 0x4256,
	0x0646: 0x5355,
	0x0647: 0x2454,
	0x0648: 0xbd5b,
	0x0649: 0x8e5a,
	0x064a: 0x9f59,
	0x064b: 0x6058,
	0x064c: 0xf95f,
	0x064d: 0xca5e,
	0x064e: 0xdb5d,
	0x064f: 0xac5c,
	0x0650: 0x2443,
	0x0651: 0x1742,
	0x0652: 0x0641,
	0x0653: 0x0640,
	0x0654: 0x6047,
	0x0655: 0x5346,
	0x0656: 0x4245,
	0x0657: 0x3544,
	0x0658: 0xac4b,
	0x0659: 0x9f4a,
	0x065a: 0x8e49,
	0x065b: 0x7148,
	0x065c: 0xe84f,
	0x065d: 0xdb4e,
	0x065e: 0xca4d,
	0x065f: 0xbd4c,
	0x0660: 0x1773,
	0x0661: 0x2472,
	0x0662: 0x3571,
	0x0663: 0xdb70,
	0x0664: 0x5377,
	0x0665: 0x6076,
	0x0666: 0x7175,
	0x0667: 0x0674,
	0x0668: 0x9f7b,
	0x0669: 0xac7a,
	0x066a: 0xbd79,
	0x066b: 0x4278,
	0x066c: 0xdb7f,
	0x066d: 0xe87e,
	0x066e: 0xf97d,
	0x066f: 0x8e7c,
	0x0670: 0x0663,
	0x0671: 0x3562,
	0x0672: 0x2461,
	0x0673: 0xe860,
	0x0674: 0x4267,
	0x0675: 0x7166,
	0x0676: 0x6065,
	0x0677: 0x1764,
	0x0678: 0x8e6b,
	0x0679: 0xbd6a,
	0x067a: 0xac69,
	0x067b: 0x5368,
	0x067c: 0xca6f,
	0x067d: 0xf96e,
	0x067e: 0xe86d,
	0x067f: 0x9f6c,
	0x0680: 0x7193,
	0x0681: 0x4292,
	0x0682: 0x5391,
	0x0683: 0xbd90,
	0x0684: 0x3597,
	0x0685: 0x0696,
	0x0686: 0x1795,
	0x0687: 0x6094,
	0x0688: 0xf99b,
	0x0689: 0xca9a,
	0x068a: 0xdb99,
	0x068b: 0x2498,
	0x068c: 0xbd9f,
	0x068d: 0x8e9e,
	0x068e: 0x9f9d,
	0x068f: 0xe89c,
	0x0690: 0x6083,
	0x0691: 0x5382,
	0x0692: 0x4281,
	0x0693: 0xca80,
	0x0694: 0x2487,
	0x0695: 0x1786,
	0x0696: 0x0685,
	0x0697: 0x7184,
	0x0698: 0xe88b,
	0x0699: 0xdb8a,
	0x069a: 0xca89,
	0x069b: 0x3588,
	0x069c: 0xac8f,
	0x069d: 0x9f8e,
	0x069e: 0x8e8d,
	0x069f: 0xf98c,
	0x06a0: 0x53b3,
	0x06a1: 0x60b2,
	0x06a2: 0x71b1,
	0x06a3: 0x9fb0,
	0x06a4: 0x17b7,
	0x06a5: 0x24b6,
	0x06a6: 0x35b5,
	0x06a7: 0x42b4,
	0x06a8: 0xdbbb,
	0x06a9: 0xe8ba,
	0x06aa: 0xf9b9,
	0x06ab: 0x06b8,
	0x06ac: 0x9fbf,
	0x06ad: 0xacbe,
	0x06ae: 0xbdbd,
	0x06af: 0xcabc,
	0x06b0: 0x42a3,
	0x06b1: 0x71a2,
	0x06b2: 0x60a1,
	0x06b3: 0xaca0,
	0x06b4: 0x06a7,
	0x06b5: 0x35a6,
	0x06b6: 0x24a5,
	0x06b7: 0x53a4,
	0x06b8: 0xcaab,
	0x06b9: 0xf9aa,
	0x06ba: 0xe8a9,
	0x06bb: 0x17a8,
	0x06bc: 0x8eaf,
	0x06bd: 0xbdae,
	0x06be: 0xacad,
	0x06bf: 0xdbac,
	0x06c0: 0xbdd3,
	0x06c1: 0x8ed2,
	0x06c2: 0x9fd1,
	0x06c3: 0x71d0,
	0x06c4: 0xf9d7,
	0x06c5: 0xcad6,
	0x06c6: 0xdbd5,
	0x06c7: 0xacd4,
	0x06c8: 0x35db,
	0x06c9: 0x06da,
	0x06ca: 0x17d9,
	0x06cb: 0xe8d8,
	0x06cc: 0x71df,
	0x06cd: 0x42de,
	0x06ce: 0x53dd,
	0x06cf: 0x24dc,
	0x06d0: 0xacc3,
	0x06d1: 0x9fc2,
	0x06d2: 0x8ec1,
	0x06d3: 0x8ec0,
	0x06d4: 0xe8c7,
	0x06d5: 0xdbc6,
	0x06d6: 0xcac5,
	0x06d7: 0xbdc4,
	0x06d8: 0x24cb,
	0x06d9: 0x17ca,
	0x06da: 0x06c9,
	0x06db: 0xf9c8,
	0x06dc: 0x60cf,
	0x06dd: 0x53ce,
	0x06de: 0x42cd,
	0x06df: 0x35cc,
	0x06e0: 0x9ff3,
	0x06e1: 0xacf2,
	0x06e2: 0xbdf1,
	0x06e3: 0x53f0,
	0x06e4: 0xdbf7,
	0x06e5: 0xe8f6,
	0x06e6: 0xf9f5,
	0x06e7: 0x8ef4,
	0x06e8: 0x17fb,
	0x06e9: 0x24fa,
	0x06ea: 0x35f9,
	0x06eb: 0xcaf8,
	0x06ec: 0x53ff,
	0x06ed: 0x60fe,
	0x06ee: 0x71fd,
	0x06ef: 0x06fc,
	0x06f0: 0x8ee3,
	0x06f1: 0xbde2,
	0x06f2: 0xace1,
	0x06f3: 0x60e0,
	0x06f4: 0xcae7,
	0x06f5: 0xf9e6,
	0x06f6: 0xe8e5,
	0x06f7: 0x9fe4,
	0x06f8: 0x06eb,
	0x06f9: 0x35ea,
	0x06fa: 0x24e9,
	0x06fb: 0xdbe8,
	0x06fc: 0x42ef,
	0x06fd: 0x71ee,
	0x06fe: 0x60ed,
	0x06ff: 0x17ec,
	0x0700: 0xad18,
	0x0701: 0x5219,
	0x0702: 0x431a,
	0x0703: 0x701b,
	0x0704: 0x611c,
	0x0705: 0x161d,
	0x0706: 0x071e,
	0x0707: 0x341f,
	0x0708: 0x3410,
	0x0709: 0xda11,
	0x070a: 0xcb12,
	0x070b: 0xf813,
	0x070c: 0xe914,
	0x070d: 0x9e15,
	0x070e: 0x8f16,
	0x070f: 0xbc17,
	0x0710: 0xbc08,
	0x0711: 0x4309,
	0x0712: 0x520a,
	0x0713: 0x610b,
	0x0714: 0x700c,
	0x0715: 0x070d,
	0x0716: 0x160e,
	0x0717: 0x250f,
	0x0718: 0x4300,
	0x0719: 0xcb01,
	0x071a: 0xda02,
	0x071b: 0xe903,
	0x071c: 0xf804,
	0x071d: 0x8f05,
	0x071e: 0x9e06,
	0x071f: 0xad07,
	0x0720: 0x8f38,
	0x0721: 0x7039,
	0x0722: 0x613a,
	0x0723: 0x523b,
	0x0724: 0x433c,
	0x0725: 0x343d,
	0x0726: 0x253e,
	0x0727: 0x163f,
	0x0728: 0x1630,
	0x0729: 0xf831,
	0x072a: 0xe932,
	0x072b: 0xda33,
	0x072c: 0xcb34,
	0x072d: 0xbc35,
	0x072e: 0xad36,
	0x072f: 0x9e37,
	0x0730: 0x9e28,
	0x0731: 0x6129,
	0x0732: 0x702a,
	0x0733: 0x432b,
	0x0734: 0x522c,
	0x0735: 0x252d,
	0x0736: 0x342e,
	0x0737: 0x072f,
	0x0738: 0x2520,
	0x0739: 0xe921,
	0x073a: 0xf822,
	0x073b: 0xcb23,
	0x073c: 0xda24,
	0x073d: 0xad25,
	0x073e: 0xbc26,
	0x073f: 0x8f27,
	0x0740: 0x6158,
	0x0741: 0x9e59,
	0x0742: 0x8f5a,
	0x0743: 0xbc5b,
	0x0744: 0xad5c,
	0x0745: 0xda5d,
	0x0746: 0xcb5e,
	0x0747: 0xf85f,
	0x0748: 0xf850,
	0x0749: 0x1651,
	0x074a: 0x0752,
	0x074b: 0x3453,
	0x074c: 0x2554,
	0x074d: 0x5255,
	0x074e: 0x4356,
	0x074f: 0x7057,
	0x0750: 0x7048,
	0x0751: 0x8f49,
	0x0752: 0x9e4a,
	0x0753: 0xad4b,
	0x0754: 0xbc4c,
	0x0755: 0xcb4d,
	0x0756: 0xda4e,
	0x0757: 0xe94f,
	0x0758: 0x0740,
	0x0759: 0x0741,
	0x075a: 0x1642,
	0x075b: 0x2543,
	0x075c: 0x3444,
	0x075d: 0x4345,
	0x075e: 0x5246,
	0x075f: 0x6147,
	0x0760: 0x4378,
	0x0761: 0xbc79,
	0x0762: 0xad7a,
	0x0763: 0x9e7b,
	0x0764: 0x8f7c,
	0x0765: 0xf87d,
	0x0766: 0xe97e,
	0x0767: 0xda7f,
	0x0768: 0xda70,
	0x0769: 0x3471,
	0x076a: 0x2572,
	0x076b: 0x1673,
	0x076c: 0x0774,
	0x076d: 0x7075,
	0x076e: 0x6176,
	0x076f: 0x5277,
	0x0770: 0x5268,
	0x0771: 0xad69,
	0x0772: 0xbc6a,
	0x0773: 0x8f6b,
	0x0774: 0x9e6c,
	0x0775: 0xe96d,
	0x0776: 0xf86e,
	0x0777: 0xcb6f,
	0x0778: 0xe960,
	0x0779: 0x2561,
	0x077a: 0x3462,
	0x077b: 0x0763,
	0x077c: 0x1664,
	0x077d: 0x6165,
	0x077e: 0x7066,
	0x077f: 0x4367,
	0x0780: 0x2598,
	0x0781: 0xda99,
	0x0782: 0xcb9a,
	0x0783: 0xf89b,
	0x0784: 0xe99c,
	0x0785: 0x9e9d,
	0x0786: 0x8f9e,
	0x0787: 0xbc9f,
	0x0788: 0xbc90,
	0x0789: 0x5291,
	0x078a: 0x4392,
	0x078b: 0x7093,
	0x078c: 0x6194,
	0x078d: 0x1695,
	0x078e: 0x0796,
	0x078f: 0x3497,
	0x0790: 0x3488,
	0x0791: 0xcb89,
	0x0792: 0xda8a,
	0x0793: 0xe98b,
	0x0794: 0xf88c,
	0x0795: 0x8f8d,
	0x0796: 0x9e8e,
	0x0797: 0xad8f,
	0x0798: 0xcb80,
	0x0799: 0x4381,
	0x079a: 0x5282,
	0x079b: 0x6183,
	0x079c: 0x7084,
	0x079d: 0x0785,
	0x079e: 0x1686,
	0x079f: 0x2587,
	0x07a0: 0x07b8,
	0x07a1: 0xf8b9,
	0x07a2: 0xe9ba,
	0x07a3: 0xdabb,
	0x07a4: 0xcbbc,
	0x07a5: 0xbcbd,
	0x07a6: 0xadbe,
	0x07a7: 0x9ebf,
	0x07a8: 0x9eb0,
	0x07a9: 0x70b1,
	0x07aa: 0x61b2,
	0x07ab: 0x52b3,
	0x07ac: 0x43b4,
	0x07ad: 0x34b5,
	0x07ae: 0x25b6,
	0x07af: 0x16b7,
	0x07b0: 0x16a8,
	0x07b1: 0xe9a9,
	0x07b2: 0xf8aa,
	0x07b3: 0xcbab,
	0x07b4: 0xdaac,
	0x07b5: 0xadad,
	0x07b6: 0xbcae,
	0x07b7: 0x8faf,
	0x07b8: 0xada0,
	0x07b9: 0x61a1,
	0x07ba: 0x70a2,
	0x07bb: 0x43a3,
	0x07bc: 0x52a4,
	0x07bd: 0x25a5,
	0x07be: 0x34a6,
	0x07bf: 0x07a7,
	0x07c0: 0xe9d8,
	0x07c1: 0x16d9,
	0x07c2: 0x07da,
	0x07c3: 0x34db,
	0x07c4: 0x25dc,
	0x07c5: 0x52dd,
	0x07c6: 0x43de,
	0x07c7: 0x70df,
	0x07c8: 0x70d0,
	0x07c9: 0x9ed1,
	0x07ca: 0x8fd2,
	0x07cb: 0xbcd3,
	0x07cc: 0xadd4,
	0x07cd: 0xdad5,
	0x07ce: 0xcbd6,
	0x07cf: 0xf8d7,
	0x07d0: 0xf8c8,
	0x07d1: 0x07c9,
	0x07d2: 0x16ca,
	0x07d3: 0x25cb,
	0x07d4: 0x34cc,
	0x07d5: 0x43cd,
	0x07d6: 0x52ce,
	0x07d7: 0x61cf,
	0x07d8: 0x8fc0,
	0x07d9: 0x8fc1,
	0x07da: 0x9ec2,
	0x07db: 0xadc3,
	0x07dc: 0xbcc4,
	0x07dd: 0xcbc5,
	0x07de: 0xdac6,
	0x07df: 0xe9c7,
	0x07e0: 0xcbf8,
	0x07e1: 0x34f9,
	0x07e2: 0x25fa,
	0x07e3: 0x16fb,
	0x07e4: 0x07fc,
	0x07e5: 0x70fd,
	0x07e6: 0x61fe,
	0x07e7: 0x52ff,
	0x07e8: 0x52f0,
	0x07e9: 0xbcf1,
	0x07ea: 0xadf2,
	0x07eb: 0x9ef3,
	0x07ec: 0x8ff4,
	0x07ed: 0xf8f5,
	0x07ee: 0xe9f6,
	0x07ef: 0xdaf7,
	0x07f0: 0xdae8,
	0x07f1: 0x25e9,
	0x07f2: 0x34ea,
	0x07f3: 0x07eb,
	0x07f4: 0x16ec,
	0x07f5: 0x61ed,
	0x07f6: 0x70ee,
	0x07f7: 0x43ef,
	0x07f8: 0x61e0,
	0x07f9: 0xade1,
	0x07fa: 0xbce2,
	0x07fb: 0x8fe3,
	0x07fc: 0x9ee4,
	0x07fd: 0xe9e5,
	0x07fe: 0xf8e6,
	0x07ff: 0xcbe7,
	0x0800: 0x191d,
	0x0801: 0x6e1c,
	0x0802: 0x3b1f,
	0x0803: 0x081e,
	0x0804: 0x5d19,
	0x0805: 0xa218,
	0x0806: 0x7f1b,
	0x0807: 0x4c1a,
	0x0808: 0x9115,
	0x0809: 0xe614,
	0x080a: 0xb317,
	0x080b: 0x8016,
	0x080c: 0xd511,
	0x080d: 0x3b10,
	0x080e: 0xf713,
	0x080f: 0xc412,
	0x0810: 0x080d,
	0x0811: 0x7f0c,
	0x0812: 0x2a0f,
	0x0813: 0x190e,
	0x0814: 0x4c09,
	0x0815: 0xb308,
	0x0816: 0x6e0b,
	0x0817: 0x5d0a,
	0x0818: 0x8005,
	0x0819: 0xf704,
	0x081a: 0xa207,
	0x081b: 0x9106,
	0x081c: 0xc401,
	0x081d: 0x4c00,
	0x081e: 0xe603,
	0x081f: 0xd502,
	0x0820: 0x3b3d,
	0x0821: 0x4c3c,
	0x0822: 0x193f,
	0x0823: 0x2a3e,
	0x0824: 0x7f39,
	0x0825: 0x8038,
	0x0826: 0x5d3b,
	0x0827: 0x6e3a,
	0x0828: 0xb335,
	0x0829: 0xc434,
	0x082a: 0x9137,
	0x082b: 0xa236,
	0x082c: 0xf731,
	0x082d: 0x1930,
	0x082e: 0xd533,
	0x082f: 0xe632,
	0x0830: 0x2a2d,
	0x0831: 0x5d2c,
	0x0832: 0x082f,
	0x0833: 0x3b2e,
	0x0834: 0x6e29,
	0x0835: 0x9128,
	0x0836: 0x4c2b,
	0x0837: 0x7f2a,
	0x0838: 0xa225,
	0x0839: 0xd524,
	0x083a: 0x8027,
	0x083b: 0xb326,
	0x083c: 0xe621,
	0x083d: 0x2a20,
	0x083e: 0xc423,
	0x083f: 0xf722,
	0x0840: 0xd55d,
	0x0841: 0xa25c,
	0x0842: 0xf75f,
	0x0843: 0xc45e,
	0x0844: 0x9159,
	0x0845: 0x6e58,
	0x0846: 0xb35b,
	0x0847: 0x805a,
	0x0848: 0x5d55,
	0x0849: 0x2a54,
	0x084a: 0x7f57,
	0x084b: 0x4c56,
	0x084c: 0x1951,
	0x084d: 0xf750,
	0x084e: 0x3b53,
	0x084f: 0x0852,
	0x0850: 0xc44d,
	0x0851: 0xb34c,
	0x0852: 0xe64f,
	0x0853: 0xd54e,
	0x0854: 0x8049,
	0x0855: 0x7f48,
	0x0856: 0xa24b,
	0x0857: 0x914a,
	0x0858: 0x4c45,
	0x0859: 0x3b44,
	0x085a: 0x6e47,
	0x085b: 0x5d46,
	0x085c: 0x0841,
	0x085d: 0x0840,
	0x085e: 0x2a43,
	0x085f: 0x1942,
	0x0860: 0xf77d,
	0x0861: 0x807c,
	0x0862: 0xd57f,
	0x0863: 0xe67e,
	0x0864: 0xb379,
	0x0865: 0x4c78,
	0x0866: 0x917b,
	0x0867: 0xa27a,
	0x0868: 0x7f75,
	0x0869: 0x0874,
	0x086a: 0x5d77,
	0x086b: 0x6e76,
	0x086c: 0x3b71,
	0x086d: 0xd570,
	0x086e: 0x1973,
	0x086f: 0x2a72,
	0x0870: 0xe66d,
	0x0871: 0x916c,
	0x0872: 0xc46f,
	0x0873: 0xf76e,
	0x0874: 0xa269,
	0x0875: 0x5d68,
	0x0876: 0x806b,
	0x0877: 0xb36a,
	0x0878: 0x6e65,
	0x0879: 0x1964,
	0x087a: 0x4c67,
	0x087b: 0x7f66,
	0x087c: 0x2a61,
	0x087d: 0xe660,
	0x087e: 0x0863,
	0x087f: 0x3b62,
	0x0880: 0x919d,
	0x0881: 0xe69c,
	0x0882: 0xb39f,
	0x0883: 0x809e,
	0x0884: 0xd599,
	0x0885: 0x2a98,
	0x0886: 0xf79b,
	0x0887: 0xc49a,
	0x0888: 0x1995,
	0x0889: 0x6e94,
	0x088a: 0x3b97,
	0x088b: 0x0896,
	0x088c: 0x5d91,
	0x088d: 0xb390,
	0x088e: 0x7f93,
	0x088f: 0x4c92,
	0x0890: 0x808d,
	0x0891: 0xf78c,
	0x0892: 0xa28f,
	0x0893: 0x918e,
	0x0894: 0xc489,
	0x0895: 0x3b88,
	0x0896: 0xe68b,
	0x0897: 0xd58a,
	0x0898: 0x0885,
	0x0899: 0x7f84,
	0x089a: 0x2a87,
	0x089b: 0x1986,
	0x089c: 0x4c81,
	0x089d: 0xc480,
	0x089e: 0x6e83,
	0x089f: 0x5d82,
	0x08a0: 0xb3bd,
	0x08a1: 0xc4bc,
	0x08a2: 0x91bf,
	0x08a3: 0xa2be,
	0x08a4: 0xf7b9,
	0x08a5: 0x08b8,
	0x08a6: 0xd5bb,
	0x08a7: 0xe6ba,
	0x08a8: 0x3bb5,
	0x08a9: 0x4cb4,
	0x08aa: 0x19b7,
	0x08ab: 0x2ab6,
	0x08ac: 0x7fb1,
	0x08ad: 0x91b0,
	0x08ae: 0x5db3,
	0x08af: 0x6eb2,
	0x08b0: 0xa2ad,
	0x08b1: 0xd5ac,
	0x08b2: 0x80af,
	0x08b3: 0xb3ae,
	0x08b4: 0xe6a9,
	0x08b5: 0x19a8,
	0x08b6: 0xc4ab,
	0x08b7: 0xf7aa,
	0x08b8: 0x2aa5,
	0x08b9: 0x5da4,
	0x08ba: 0x08a7,
	0x08bb: 0x3ba6,
	0x08bc: 0x6ea1,
	0x08bd: 0xa2a0,
	0x08be: 0x4ca3,
	0x08bf: 0x7fa2,
	0x08c0: 0x5ddd,
	0x08c1: 0x2adc,
	0x08c2: 0x7fdf,
	0x08c3: 0x4cde,
	0x08c4: 0x19d9,
	0x08c5: 0xe6d8,
	0x08c6: 0x3bdb,
	0x08c7: 0x08da,
	0x08c8: 0xd5d5,
	0x08c9: 0xa2d4,
	0x08ca: 0xf7d7,
	0x08cb: 0xc4d6,
	0x08cc: 0x91d1,
	0x08cd: 0x7fd0,
	0x08ce: 0xb3d3,
	0x08cf: 0x80d2,
	0x08d0: 0x4ccd,
	0x08d1: 0x3bcc,
	0x08d2: 0x6ecf,
	0x08d3: 0x5dce,
	0x08d4: 0x08c9,
	0x08d5: 0xf7c8,
	0x08d6: 0x2acb,
	0x08d7: 0x19ca,
	0x08d8: 0xc4c5,
	0x08d9: 0xb3c4,
	0x08da: 0xe6c7,
	0x08db: 0xd5c6,
	0x08dc: 0x80c1,
	0x08dd: 0x80c0,
	0x08de: 0xa2c3,
	0x08df: 0x91c2,
	0x08e0: 0x7ffd,
	0x08e1: 0x08fc,
	0x08e2: 0x5dff,
	0x08e3: 0x6efe,
	0x08e4: 0x3bf9,
	0x08e5: 0xc4f8,
	0x08e6: 0x19fb,
	0x08e7: 0x2afa,
	0x08e8: 0xf7f5,
	0x08e9: 0x80f4,
	0x08ea: 0xd5f7,
	0x08eb: 0xe6f6,
	0x08ec: 0xb3f1,
	0x08ed: 0x5df0,
	0x08ee: 0x91f3,
	0x08ef: 0xa2f2,
	0x08f0: 0x6eed,
	0x08f1: 0x19ec,
	0x08f2: 0x4cef,
	0x08f3: 0x7fee,
	0x08f4: 0x2ae9,
	0x08f5: 0xd5e8,
	0x08f6: 0x08eb,
	0x08f7: 0x3bea,
	0x08f8: 0xe6e5,
	0x08f9: 0x91e4,
	0x08fa: 0xc4e7,
	0x08fb: 0xf7e6,
	0x08fc: 0xa2e1,
	0x08fd: 0x6ee0,
	0x08fe: 0x80e3,
	0x08ff: 0xb3e2,
	0x0900: 0xf622,
	0x0901: 0xc523,
	0x0902: 0x2b20,
	0x0903: 0xe721,
	0x0904: 0xb226,
	0x0905: 0x8127,
	0x0906: 0xd424,
	0x0907: 0xa325,
	0x0908: 0x7e2a,
	0x0909: 0x4d2b,
	0x090a: 0x9028,
	0x090b: 0x6f29,
	0x090c: 0x3a2e,
	0x090d: 0x092f, ##### symmetric1
	0x090e: 0x5c2c,
	0x090f: 0x2b2d,
	0x0910: 0xe732,
	0x0911: 0xd433,
	0x0912: 0x1830,
	0x0913: 0xf631,
	0x0914: 0xa336,
	0x0915: 0x9037,
	0x0916: 0xc534,
	0x0917: 0xb235,
	0x0918: 0x6f3a,
	0x0919: 0x5c3b,
	0x091a: 0x8138,
	0x091b: 0x7e39,
	0x091c: 0x2b3e,
	0x091d: 0x183f,
	0x091e: 0x4d3c,
	0x091f: 0x3a3d,
	0x0920: 0xd402,
	0x0921: 0xe703,
	0x0922: 0x4d00,
	0x0923: 0xc501,
	0x0924: 0x9006,
	0x0925: 0xa307,
	0x0926: 0xf604,
	0x0927: 0x8105,
	0x0928: 0x5c0a,
	0x0929: 0x6f0b,
	0x092a: 0xb208,
	0x092b: 0x4d09,
	0x092c: 0x180e,
	0x092d: 0x2b0f,
	0x092e: 0x7e0c,
	0x092f: 0x090d, ##### symmetric1
	0x0930: 0xc512,
	0x0931: 0xf613,
	0x0932: 0x3a10,
	0x0933: 0xd411,
	0x0934: 0x8116,
	0x0935: 0xb217,
	0x0936: 0xe714,
	0x0937: 0x9015,
	0x0938: 0x4d1a,
	0x0939: 0x7e1b,
	0x093a: 0xa318,
	0x093b: 0x5c19,
	0x093c: 0x091e,
	0x093d: 0x3a1f,
	0x093e: 0x6f1c,
	0x093f: 0x181d,
	0x0940: 0x3a62,
	0x0941: 0x0963, ### symmetric2
	0x0942: 0xe760,
	0x0943: 0x2b61,
	0x0944: 0x7e66,
	0x0945: 0x4d67,
	0x0946: 0x1864,
	0x0947: 0x6f65,
	0x0948: 0xb26a,
	0x0949: 0x816b,
	0x094a: 0x5c68,
	0x094b: 0xa369,
	0x094c: 0xf66e,
	0x094d: 0xc56f,
	0x094e: 0x906c,
	0x094f: 0xe76d,
	0x0950: 0x2b72,
	0x0951: 0x1873,
	0x0952: 0xd470,
	0x0953: 0x3a71,
	0x0954: 0x6f76,
	0x0955: 0x5c77,
	0x0956: 0x0974,
	0x0957: 0x7e75,
	0x0958: 0xa37a,
	0x0959: 0x907b,
	0x095a: 0x4d78,
	0x095b: 0xb279,
	0x095c: 0xe77e,
	0x095d: 0xd47f,
	0x095e: 0x817c,
	0x095f: 0xf67d,
	0x0960: 0x1842,
	0x0961: 0x2b43,
	0x0962: 0x0940,
	0x0963: 0x0941, ### symmetric2
	0x0964: 0x5c46,
	0x0965: 0x6f47,
	0x0966: 0x3a44,
	0x0967: 0x4d45,
	0x0968: 0x904a,
	0x0969: 0xa34b,
	0x096a: 0x7e48,
	0x096b: 0x8149,
	0x096c: 0xd44e,
	0x096d: 0xe74f,
	0x096e: 0xb24c,
	0x096f: 0xc54d,
	0x0970: 0x0952,
	0x0971: 0x3a53,
	0x0972: 0xf650,
	0x0973: 0x1851,
	0x0974: 0x4d56,
	0x0975: 0x7e57,
	0x0976: 0x2b54,
	0x0977: 0x5c55,
	0x0978: 0x815a,
	0x0979: 0xb25b,
	0x097a: 0x6f58,
	0x097b: 0x9059,
	0x097c: 0xc55e,
	0x097d: 0xf65f,
	0x097e: 0xa35c,
	0x097f: 0xd45d,
	0x0980: 0x7ea2,
	0x0981: 0x4da3,
	0x0982: 0xa3a0,
	0x0983: 0x6fa1,
	0x0984: 0x3aa6,
	0x0985: 0x09a7, ### symmetric3
	0x0986: 0x5ca4,
	0x0987: 0x2ba5,
	0x0988: 0xf6aa,
	0x0989: 0xc5ab,
	0x098a: 0x18a8,
	0x098b: 0xe7a9,
	0x098c: 0xb2ae,
	0x098d: 0x81af,
	0x098e: 0xd4ac,
	0x098f: 0xa3ad,
	0x0990: 0x6fb2,
	0x0991: 0x5cb3,
	0x0992: 0x90b0,
	0x0993: 0x7eb1,
	0x0994: 0x2bb6,
	0x0995: 0x18b7,
	0x0996: 0x4db4,
	0x0997: 0x3ab5,
	0x0998: 0xe7ba,
	0x0999: 0xd4bb,
	0x099a: 0x09b8,
	0x099b: 0xf6b9,
	0x099c: 0xa3be,
	0x099d: 0x90bf,
	0x099e: 0xc5bc,
	0x099f: 0xb2bd,
	0x09a0: 0x5c82,
	0x09a1: 0x6f83,
	0x09a2: 0xc580,
	0x09a3: 0x4d81,
	0x09a4: 0x1886,
	0x09a5: 0x2b87,
	0x09a6: 0x7e84,
	0x09a7: 0x0985, ### symmetric3
	0x09a8: 0xd48a,
	0x09a9: 0xe78b,
	0x09aa: 0x3a88,
	0x09ab: 0xc589,
	0x09ac: 0x908e,
	0x09ad: 0xa38f,
	0x09ae: 0xf68c,
	0x09af: 0x818d,
	0x09b0: 0x4d92,
	0x09b1: 0x7e93,
	0x09b2: 0xb290,
	0x09b3: 0x5c91,
	0x09b4: 0x0996,
	0x09b5: 0x3a97,
	0x09b6: 0x6f94,
	0x09b7: 0x1895,
	0x09b8: 0xc59a,
	0x09b9: 0xf69b,
	0x09ba: 0x2b98,
	0x09bb: 0xd499,
	0x09bc: 0x819e,
	0x09bd: 0xb29f,
	0x09be: 0xe79c,
	0x09bf: 0x909d,
	0x09c0: 0xb2e2,
	0x09c1: 0x81e3,
	0x09c2: 0x6fe0,
	0x09c3: 0xa3e1,
	0x09c4: 0xf6e6,
	0x09c5: 0xc5e7,
	0x09c6: 0x90e4,
	0x09c7: 0xe7e5,
	0x09c8: 0x3aea,
	0x09c9: 0x09eb, ### symmetric4
	0x09ca: 0xd4e8,
	0x09cb: 0x2be9,
	0x09cc: 0x7eee,
	0x09cd: 0x4def,
	0x09ce: 0x18ec,
	0x09cf: 0x6fed,
	0x09d0: 0xa3f2,
	0x09d1: 0x90f3,
	0x09d2: 0x5cf0,
	0x09d3: 0xb2f1,
	0x09d4: 0xe7f6,
	0x09d5: 0xd4f7,
	0x09d6: 0x81f4,
	0x09d7: 0xf6f5,
	0x09d8: 0x2bfa,
	0x09d9: 0x18fb,
	0x09da: 0xc5f8,
	0x09db: 0x3af9,
	0x09dc: 0x6ffe,
	0x09dd: 0x5cff,
	0x09de: 0x09fc,
	0x09df: 0x7efd,
	0x09e0: 0x90c2,
	0x09e1: 0xa3c3,
	0x09e2: 0x81c0,
	0x09e3: 0x81c1,
	0x09e4: 0xd4c6,
	0x09e5: 0xe7c7,
	0x09e6: 0xb2c4,
	0x09e7: 0xc5c5,
	0x09e8: 0x18ca,
	0x09e9: 0x2bcb,
	0x09ea: 0xf6c8,
	0x09eb: 0x09c9, ### symmetric4
	0x09ec: 0x5cce,
	0x09ed: 0x6fcf,
	0x09ee: 0x3acc,
	0x09ef: 0x4dcd,
	0x09f0: 0x81d2,
	0x09f1: 0xb2d3,
	0x09f2: 0x7ed0,
	0x09f3: 0x90d1,
	0x09f4: 0xc5d6,
	0x09f5: 0xf6d7,
	0x09f6: 0xa3d4,
	0x09f7: 0xd4d5,
	0x09f8: 0x09da,
	0x09f9: 0x3adb,
	0x09fa: 0xe7d8,
	0x09fb: 0x18d9,
	0x09fc: 0x4dde,
	0x09fd: 0x7edf,
	0x09fe: 0x2bdc,
	0x09ff: 0x5cdd,
	0x0a00: 0x8227, ### lowest nibble sequence starts here, also kinda in the upper byte
	0x0a01: 0xb126,
	0x0a02: 0xa025,
	0x0a03: 0xd724,
	0x0a04: 0xc623,
	0x0a05: 0xf522,
	0x0a06: 0xe421,
	0x0a07: 0x2820,
	0x0a08: 0x0a2f,
	0x0a09: 0x392e,
	0x0a0a: 0x282d,
	0x0a0b: 0x5f2c,
	0x0a0c: 0x4e2b,
	0x0a0d: 0x7d2a,
	0x0a0e: 0x6c29,
	0x0a0f: 0x9328,
	0x0a10: 0x9337,
	0x0a11: 0xa036,
	0x0a12: 0xb135,
	0x0a13: 0xc634,
	0x0a14: 0xd733,
	0x0a15: 0xe432,
	0x0a16: 0xf531,
	0x0a17: 0x1b30,
	0x0a18: 0x1b3f,
	0x0a19: 0x283e,
	0x0a1a: 0x393d,
	0x0a1b: 0x4e3c,
	0x0a1c: 0x5f3b,
	0x0a1d: 0x6c3a,
	0x0a1e: 0x7d39,
	0x0a1f: 0x8238,
	0x0a20: 0xa007,
	0x0a21: 0x9306,
	0x0a22: 0x8205,
	0x0a23: 0xf504,
	0x0a24: 0xe403,
	0x0a25: 0xd702,
	0x0a26: 0xc601,
	0x0a27: 0x4e00,
	0x0a28: 0x280f,
	0x0a29: 0x1b0e,
	0x0a2a: 0x0a0d,
	0x0a2b: 0x7d0c,
	0x0a2c: 0x6c0b,
	0x0a2d: 0x5f0a,
	0x0a2e: 0x4e09,
	0x0a2f: 0xb108,
	0x0a30: 0xb117,
	0x0a31: 0x8216,
	0x0a32: 0x9315,
	0x0a33: 0xe414,
	0x0a34: 0xf513,
	0x0a35: 0xc612,
	0x0a36: 0xd711,
	0x0a37: 0x3910,
	0x0a38: 0x391f,
	0x0a39: 0x0a1e,
	0x0a3a: 0x1b1d,
	0x0a3b: 0x6c1c,
	0x0a3c: 0x7d1b,
	0x0a3d: 0x4e1a,
	0x0a3e: 0x5f19,
	0x0a3f: 0xa018,
	0x0a40: 0x4e67,
	0x0a41: 0x7d66,
	0x0a42: 0x6c65,
	0x0a43: 0x1b64,
	0x0a44: 0x0a63,
	0x0a45: 0x3962,
	0x0a46: 0x2861,
	0x0a47: 0xe460,
	0x0a48: 0xc66f,
	0x0a49: 0xf56e,
	0x0a4a: 0xe46d,
	0x0a4b: 0x936c,
	0x0a4c: 0x826b,
	0x0a4d: 0xb16a,
	0x0a4e: 0xa069,
	0x0a4f: 0x5f68,
	0x0a50: 0x5f77,
	0x0a51: 0x6c76,
	0x0a52: 0x7d75,
	0x0a53: 0x0a74,
	0x0a54: 0x1b73,
	0x0a55: 0x2872,
	0x0a56: 0x3971,
	0x0a57: 0xd770,
	0x0a58: 0xd77f,
	0x0a59: 0xe47e,
	0x0a5a: 0xf57d,
	0x0a5b: 0x827c,
	0x0a5c: 0x937b,
	0x0a5d: 0xa07a,
	0x0a5e: 0xb179,
	0x0a5f: 0x4e78,
	0x0a60: 0x6c47,
	0x0a61: 0x5f46,
	0x0a62: 0x4e45,
	0x0a63: 0x3944,
	0x0a64: 0x2843,
	0x0a65: 0x1b42,
	0x0a66: 0x0a41,
	0x0a67: 0x0a40,
	0x0a68: 0xe44f,
	0x0a69: 0xd74e,
	0x0a6a: 0xc64d,
	0x0a6b: 0xb14c,
	0x0a6c: 0xa04b,
	0x0a6d: 0x934a,
	0x0a6e: 0x8249,
	0x0a6f: 0x7d48,
	0x0a70: 0x7d57,
	0x0a71: 0x4e56,
	0x0a72: 0x5f55,
	0x0a73: 0x2854,
	0x0a74: 0x3953,
	0x0a75: 0x0a52,
	0x0a76: 0x1b51,
	0x0a77: 0xf550,
	0x0a78: 0xf55f,
	0x0a79: 0xc65e,
	0x0a7a: 0xd75d,
	0x0a7b: 0xa05c,
	0x0a7c: 0xb15b,
	0x0a7d: 0x825a,
	0x0a7e: 0x9359,
	0x0a7f: 0x6c58,
	0x0a80: 0x0aa7,
	0x0a81: 0x39a6,
	0x0a82: 0x28a5,
	0x0a83: 0x5fa4,
	0x0a84: 0x4ea3,
	0x0a85: 0x7da2,
	0x0a86: 0x6ca1,
	0x0a87: 0xa0a0,
	0x0a88: 0x82af,
	0x0a89: 0xb1ae,
	0x0a8a: 0xa0ad,
	0x0a8b: 0xd7ac,
	0x0a8c: 0xc6ab,
	0x0a8d: 0xf5aa,
	0x0a8e: 0xe4a9,
	0x0a8f: 0x1ba8,
	0x0a90: 0x1bb7,
	0x0a91: 0x28b6,
	0x0a92: 0x39b5,
	0x0a93: 0x4eb4,
	0x0a94: 0x5fb3,
	0x0a95: 0x6cb2,
	0x0a96: 0x7db1,
	0x0a97: 0x93b0,
	0x0a98: 0x93bf,
	0x0a99: 0xa0be,
	0x0a9a: 0xb1bd,
	0x0a9b: 0xc6bc,
	0x0a9c: 0xd7bb,
	0x0a9d: 0xe4ba,
	0x0a9e: 0xf5b9,
	0x0a9f: 0x0ab8,
	0x0aa0: 0x2887,
	0x0aa1: 0x1b86,
	0x0aa2: 0x0a85,
	0x0aa3: 0x7d84,
	0x0aa4: 0x6c83,
	0x0aa5: 0x5f82,
	0x0aa6: 0x4e81,
	0x0aa7: 0xc680,
	0x0aa8: 0xa08f,
	0x0aa9: 0x938e,
	0x0aaa: 0x828d,
	0x0aab: 0xf58c,
	0x0aac: 0xe48b,
	0x0aad: 0xd78a,
	0x0aae: 0xc689,
	0x0aaf: 0x3988,
	0x0ab0: 0x3997,
	0x0ab1: 0x0a96,
	0x0ab2: 0x1b95,
	0x0ab3: 0x6c94,
	0x0ab4: 0x7d93,
	0x0ab5: 0x4e92,
	0x0ab6: 0x5f91,
	0x0ab7: 0xb190,
	0x0ab8: 0xb19f,
	0x0ab9: 0x829e,
	0x0aba: 0x939d,
	0x0abb: 0xe49c,
	0x0abc: 0xf59b,
	0x0abd: 0xc69a,
	0x0abe: 0xd799,
	0x0abf: 0x2898,
	0x0ac0: 0xc6e7, ### curious sequence around here
	0x0ac1: 0xf5e6,
	0x0ac2: 0xe4e5,
	0x0ac3: 0x93e4,
	0x0ac4: 0x82e3,
	0x0ac5: 0xb1e2,
	0x0ac6: 0xa0e1,
	0x0ac7: 0x6ce0,
	0x0ac8: 0x4eef,
	0x0ac9: 0x7dee,
	0x0aca: 0x6ced,
	0x0acb: 0x1bec,
	0x0acc: 0x0aeb,
	0x0acd: 0x39ea,
	0x0ace: 0x28e9,
	0x0acf: 0xd7e8,
	0x0ad0: 0xd7f7,
	0x0ad1: 0xe4f6,
	0x0ad2: 0xf5f5,
	0x0ad3: 0x82f4,
	0x0ad4: 0x93f3,
	0x0ad5: 0xa0f2,
	0x0ad6: 0xb1f1,
	0x0ad7: 0x5ff0,
	0x0ad8: 0x5fff,
	0x0ad9: 0x6cfe,
	0x0ada: 0x7dfd,
	0x0adb: 0x0afc,
	0x0adc: 0x1bfb,
	0x0add: 0x28fa,
	0x0ade: 0x39f9,
	0x0adf: 0xc6f8,
	0x0ae0: 0xe4c7,
	0x0ae1: 0xd7c6,
	0x0ae2: 0xc6c5,
	0x0ae3: 0xb1c4,
	0x0ae4: 0xa0c3,
	0x0ae5: 0x93c2,
	0x0ae6: 0x82c1,
	0x0ae7: 0x82c0,
	0x0ae8: 0x6ccf,
	0x0ae9: 0x5fce,
	0x0aea: 0x4ecd,
	0x0aeb: 0x39cc,
	0x0aec: 0x28cb,
	0x0aed: 0x1bca,
	0x0aee: 0x0ac9,
	0x0aef: 0xf5c8,
	0x0af0: 0xf5d7,
	0x0af1: 0xc6d6,
	0x0af2: 0xd7d5,
	0x0af3: 0xa0d4,
	0x0af4: 0xb1d3,
	0x0af5: 0x82d2,
	0x0af6: 0x93d1,
	0x0af7: 0x7dd0,
	0x0af8: 0x7ddf,
	0x0af9: 0x4ede,
	0x0afa: 0x5fdd,
	0x0afb: 0x28dc,
	0x0afc: 0x39db,
	0x0afd: 0x0ada,
	0x0afe: 0x1bd9, ### sequences end here
	0x0aff: 0xe4d8,
	0x0b00: 0x5e2c,
	0x0b01: 0x292d,
	0x0b02: 0x382e,
	0x0b03: 0x0b2f,
	0x0b04: 0x9228,
	0x0b05: 0x6d29,
	0x0b06: 0x7c2a,
	0x0b07: 0x4f2b,
	0x0b08: 0xd624,
	0x0b09: 0xa125,
	0x0b0a: 0xb026,
	0x0b0b: 0x8327,
	0x0b0c: 0x2920,
	0x0b0d: 0xe521,
	0x0b0e: 0xf422,
	0x0b0f: 0xc723,
	0x0b10: 0x4f3c,
	0x0b11: 0x383d,
	0x0b12: 0x293e,
	0x0b13: 0x1a3f,
	0x0b14: 0x8338,
	0x0b15: 0x7c39,
	0x0b16: 0x6d3a,
	0x0b17: 0x5e3b,
	0x0b18: 0xc734,
	0x0b19: 0xb035,
	0x0b1a: 0xa136,
	0x0b1b: 0x9237,
	0x0b1c: 0x1a30,
	0x0b1d: 0xf431,
	0x0b1e: 0xe532,
	0x0b1f: 0xd633,
	0x0b20: 0x7c0c,
	0x0b21: 0x0b0d,
	0x0b22: 0x1a0e,
	0x0b23: 0x290f,
	0x0b24: 0xb008,
	0x0b25: 0x4f09,
	0x0b26: 0x5e0a,
	0x0b27: 0x6d0b,
	0x0b28: 0xf404,
	0x0b29: 0x8305,
	0x0b2a: 0x9206,
	0x0b2b: 0xa107,
	0x0b2c: 0x4f00,
	0x0b2d: 0xc701,
	0x0b2e: 0xd602,
	0x0b2f: 0xe503,
	0x0b30: 0x6d1c,
	0x0b31: 0x1a1d,
	0x0b32: 0x0b1e,
	0x0b33: 0x381f,
	0x0b34: 0xa118,
	0x0b35: 0x5e19,
	0x0b36: 0x4f1a,
	0x0b37: 0x7c1b,
	0x0b38: 0xe514,
	0x0b39: 0x9215,
	0x0b3a: 0x8316,
	0x0b3b: 0xb017,
	0x0b3c: 0x3810,
	0x0b3d: 0xd611,
	0x0b3e: 0xc712,
	0x0b3f: 0xf413,
	0x0b40: 0x926c,
	0x0b41: 0xe56d,
	0x0b42: 0xf46e,
	0x0b43: 0xc76f,
	0x0b44: 0x5e68,
	0x0b45: 0xa169,
	0x0b46: 0xb06a,
	0x0b47: 0x836b,
	0x0b48: 0x1a64,
	0x0b49: 0x6d65,
	0x0b4a: 0x7c66,
	0x0b4b: 0x4f67,
	0x0b4c: 0xe560,
	0x0b4d: 0x2961,
	0x0b4e: 0x3862,
	0x0b4f: 0x0b63,
	0x0b50: 0x837c,
	0x0b51: 0xf47d,
	0x0b52: 0xe57e,
	0x0b53: 0xd67f,
	0x0b54: 0x4f78,
	0x0b55: 0xb079,
	0x0b56: 0xa17a,
	0x0b57: 0x927b,
	0x0b58: 0x0b74,
	0x0b59: 0x7c75,
	0x0b5a: 0x6d76,
	0x0b5b: 0x5e77,
	0x0b5c: 0xd670,
	0x0b5d: 0x3871,
	0x0b5e: 0x2972,
	0x0b5f: 0x1a73,
	0x0b60: 0xb04c,
	0x0b61: 0xc74d,
	0x0b62: 0xd64e,
	0x0b63: 0xe54f,
	0x0b64: 0x7c48,
	0x0b65: 0x8349,
	0x0b66: 0x924a,
	0x0b67: 0xa14b,
	0x0b68: 0x3844,
	0x0b69: 0x4f45,
	0x0b6a: 0x5e46,
	0x0b6b: 0x6d47,
	0x0b6c: 0x0b40,
	0x0b6d: 0x0b41,
	0x0b6e: 0x1a42,
	0x0b6f: 0x2943,
	0x0b70: 0xa15c,
	0x0b71: 0xd65d,
	0x0b72: 0xc75e,
	0x0b73: 0xf45f,
	0x0b74: 0x6d58,
	0x0b75: 0x9259,
	0x0b76: 0x835a,
	0x0b77: 0xb05b,
	0x0b78: 0x2954,
	0x0b79: 0x5e55,
	0x0b7a: 0x4f56,
	0x0b7b: 0x7c57,
	0x0b7c: 0xf450,
	0x0b7d: 0x1a51,
	0x0b7e: 0x0b52,
	0x0b7f: 0x3853,
	0x0b80: 0xd6ac,
	0x0b81: 0xa1ad,
	0x0b82: 0xb0ae,
	0x0b83: 0x83af,
	0x0b84: 0x1aa8,
	0x0b85: 0xe5a9,
	0x0b86: 0xf4aa,
	0x0b87: 0xc7ab,
	0x0b88: 0x5ea4,
	0x0b89: 0x29a5,
	0x0b8a: 0x38a6,
	0x0b8b: 0x0ba7,
	0x0b8c: 0xa1a0,
	0x0b8d: 0x6da1,
	0x0b8e: 0x7ca2,
	0x0b8f: 0x4fa3,
	0x0b90: 0xc7bc,
	0x0b91: 0xb0bd,
	0x0b92: 0xa1be,
	0x0b93: 0x92bf,
	0x0b94: 0x0bb8,
	0x0b95: 0xf4b9,
	0x0b96: 0xe5ba,
	0x0b97: 0xd6bb,
	0x0b98: 0x4fb4,
	0x0b99: 0x38b5,
	0x0b9a: 0x29b6,
	0x0b9b: 0x1ab7,
	0x0b9c: 0x92b0,
	0x0b9d: 0x7cb1,
	0x0b9e: 0x6db2,
	0x0b9f: 0x5eb3,
	0x0ba0: 0xf48c,
	0x0ba1: 0x838d,
	0x0ba2: 0x928e,
	0x0ba3: 0xa18f,
	0x0ba4: 0x3888,
	0x0ba5: 0xc789,
	0x0ba6: 0xd68a,
	0x0ba7: 0xe58b,
	0x0ba8: 0x7c84,
	0x0ba9: 0x0b85,
	0x0baa: 0x1a86,
	0x0bab: 0x2987,
	0x0bac: 0xc780,
	0x0bad: 0x4f81,
	0x0bae: 0x5e82,
	0x0baf: 0x6d83,
	0x0bb0: 0xe59c,
	0x0bb1: 0x929d,
	0x0bb2: 0x839e,
	0x0bb3: 0xb09f,
	0x0bb4: 0x2998,
	0x0bb5: 0xd699,
	0x0bb6: 0xc79a,
	0x0bb7: 0xf49b,
	0x0bb8: 0x6d94,
	0x0bb9: 0x1a95,
	0x0bba: 0x0b96,
	0x0bbb: 0x3897,
	0x0bbc: 0xb090,
	0x0bbd: 0x5e91,
	0x0bbe: 0x4f92,
	0x0bbf: 0x7c93,
	0x0bc0: 0x1aec,
	0x0bc1: 0x6ded,
	0x0bc2: 0x7cee,
	0x0bc3: 0x4fef,
	0x0bc4: 0xd6e8,
	0x0bc5: 0x29e9,
	0x0bc6: 0x38ea,
	0x0bc7: 0x0beb,
	0x0bc8: 0x92e4,
	0x0bc9: 0xe5e5,
	0x0bca: 0xf4e6,
	0x0bcb: 0xc7e7,
	0x0bcc: 0x6de0,
	0x0bcd: 0xa1e1,
	0x0bce: 0xb0e2,
	0x0bcf: 0x83e3,
	0x0bd0: 0x0bfc,
	0x0bd1: 0x7cfd,
	0x0bd2: 0x6dfe,
	0x0bd3: 0x5eff,
	0x0bd4: 0xc7f8,
	0x0bd5: 0x38f9,
	0x0bd6: 0x29fa,
	0x0bd7: 0x1afb,
	0x0bd8: 0x83f4,
	0x0bd9: 0xf4f5,
	0x0bda: 0xe5f6,
	0x0bdb: 0xd6f7,
	0x0bdc: 0x5ef0,
	0x0bdd: 0xb0f1,
	0x0bde: 0xa1f2,
	0x0bdf: 0x92f3,
	0x0be0: 0x38cc,
	0x0be1: 0x4fcd,
	0x0be2: 0x5ece,
	0x0be3: 0x6dcf,
	0x0be4: 0xf4c8,
	0x0be5: 0x0bc9,
	0x0be6: 0x1aca,
	0x0be7: 0x29cb,
	0x0be8: 0xb0c4,
	0x0be9: 0xc7c5,
	0x0bea: 0xd6c6,
	0x0beb: 0xe5c7,
	0x0bec: 0x83c0,
	0x0bed: 0x83c1,
	0x0bee: 0x92c2,
	0x0bef: 0xa1c3,
	0x0bf0: 0x29dc,
	0x0bf1: 0x5edd,
	0x0bf2: 0x4fde,
	0x0bf3: 0x7cdf,
	0x0bf4: 0xe5d8,
	0x0bf5: 0x1ad9,
	0x0bf6: 0x0bda,
	0x0bf7: 0x38db,
	0x0bf8: 0xa1d4,
	0x0bf9: 0xd6d5,
	0x0bfa: 0xc7d6,
	0x0bfb: 0xf4d7,
	0x0bfc: 0x7cd0,
	0x0bfd: 0x92d1,
	0x0bfe: 0x83d2,
	0x0bff: 0xb0d3,
	0x0c00: 0xf331,
	0x0c01: 0x1d30,
	0x0c02: 0xd133,
	0x0c03: 0xe232,
	0x0c04: 0xb735,
	0x0c05: 0xc034,
	0x0c06: 0x9537,
	0x0c07: 0xa636,
	0x0c08: 0x7b39,
	0x0c09: 0x8438,
	0x0c0a: 0x593b,
	0x0c0b: 0x6a3a,
	0x0c0c: 0x3f3d,
	0x0c0d: 0x483c,
	0x0c0e: 0x1d3f,
	0x0c0f: 0x2e3e,
	0x0c10: 0xe221,
	0x0c11: 0x2e20,
	0x0c12: 0xc023,
	0x0c13: 0xf322,
	0x0c14: 0xa625,
	0x0c15: 0xd124,
	0x0c16: 0x8427,
	0x0c17: 0xb726,
	0x0c18: 0x6a29,
	0x0c19: 0x9528,
	0x0c1a: 0x482b,
	0x0c1b: 0x7b2a,
	0x0c1c: 0x2e2d,
	0x0c1d: 0x592c,
	0x0c1e: 0x0c2f,
	0x0c1f: 0x3f2e,
	0x0c20: 0xd111,
	0x0c21: 0x3f10,
	0x0c22: 0xf313,
	0x0c23: 0xc012,
	0x0c24: 0x9515,
	0x0c25: 0xe214,
	0x0c26: 0xb717,
	0x0c27: 0x8416,
	0x0c28: 0x5919,
	0x0c29: 0xa618,
	0x0c2a: 0x7b1b,
	0x0c2b: 0x481a,
	0x0c2c: 0x1d1d,
	0x0c2d: 0x6a1c,
	0x0c2e: 0x3f1f,
	0x0c2f: 0x0c1e,
	0x0c30: 0xc001,
	0x0c31: 0x4800,
	0x0c32: 0xe203,
	0x0c33: 0xd102,
	0x0c34: 0x8405,
	0x0c35: 0xf304,
	0x0c36: 0xa607,
	0x0c37: 0x9506,
	0x0c38: 0x4809,
	0x0c39: 0xb708,
	0x0c3a: 0x6a0b,
	0x0c3b: 0x590a,
	0x0c3c: 0x0c0d,
	0x0c3d: 0x7b0c,
	0x0c3e: 0x2e0f,
	0x0c3f: 0x1d0e,
	0x0c40: 0x3f71,
	0x0c41: 0xd170,
	0x0c42: 0x1d73,
	0x0c43: 0x2e72,
	0x0c44: 0x7b75,
	0x0c45: 0x0c74,
	0x0c46: 0x5977,
	0x0c47: 0x6a76,
	0x0c48: 0xb779,
	0x0c49: 0x4878,
	0x0c4a: 0x957b,
	0x0c4b: 0xa67a,
	0x0c4c: 0xf37d,
	0x0c4d: 0x847c,
	0x0c4e: 0xd17f,
	0x0c4f: 0xe27e,
	0x0c50: 0x2e61,
	0x0c51: 0xe260,
	0x0c52: 0x0c63,
	0x0c53: 0x3f62,
	0x0c54: 0x6a65,
	0x0c55: 0x1d64,
	0x0c56: 0x4867,
	0x0c57: 0x7b66,
	0x0c58: 0xa669,
	0x0c59: 0x5968,
	0x0c5a: 0x846b,
	0x0c5b: 0xb76a,
	0x0c5c: 0xe26d,
	0x0c5d: 0x956c,
	0x0c5e: 0xc06f,
	0x0c5f: 0xf36e,
	0x0c60: 0x1d51,
	0x0c61: 0xf350,
	0x0c62: 0x3f53,
	0x0c63: 0x0c52,
	0x0c64: 0x5955,
	0x0c65: 0x2e54,
	0x0c66: 0x7b57,
	0x0c67: 0x4856,
	0x0c68: 0x9559,
	0x0c69: 0x6a58,
	0x0c6a: 0xb75b,
	0x0c6b: 0x845a,
	0x0c6c: 0xd15d,
	0x0c6d: 0xa65c,
	0x0c6e: 0xf35f,
	0x0c6f: 0xc05e,
	0x0c70: 0x0c41,
	0x0c71: 0x0c40,
	0x0c72: 0x2e43,
	0x0c73: 0x1d42,
	0x0c74: 0x4845,
	0x0c75: 0x3f44,
	0x0c76: 0x6a47,
	0x0c77: 0x5946,
	0x0c78: 0x8449,
	0x0c79: 0x7b48,
	0x0c7a: 0xa64b,
	0x0c7b: 0x954a,
	0x0c7c: 0xc04d,
	0x0c7d: 0xb74c,
	0x0c7e: 0xe24f,
	0x0c7f: 0xd14e,
	0x0c80: 0x7bb1,
	0x0c81: 0x95b0,
	0x0c82: 0x59b3,
	0x0c83: 0x6ab2,
	0x0c84: 0x3fb5,
	0x0c85: 0x48b4,
	0x0c86: 0x1db7,
	0x0c87: 0x2eb6,
	0x0c88: 0xf3b9,
	0x0c89: 0x0cb8,
	0x0c8a: 0xd1bb,
	0x0c8b: 0xe2ba,
	0x0c8c: 0xb7bd,
	0x0c8d: 0xc0bc,
	0x0c8e: 0x95bf,
	0x0c8f: 0xa6be,
	0x0c90: 0x6aa1,
	0x0c91: 0xa6a0,
	0x0c92: 0x48a3,
	0x0c93: 0x7ba2,
	0x0c94: 0x2ea5,
	0x0c95: 0x59a4,
	0x0c96: 0x0ca7,
	0x0c97: 0x3fa6,
	0x0c98: 0xe2a9,
	0x0c99: 0x1da8,
	0x0c9a: 0xc0ab,
	0x0c9b: 0xf3aa,
	0x0c9c: 0xa6ad,
	0x0c9d: 0xd1ac,
	0x0c9e: 0x84af,
	0x0c9f: 0xb7ae,
	0x0ca0: 0x5991,
	0x0ca1: 0xb790,
	0x0ca2: 0x7b93,
	0x0ca3: 0x4892,
	0x0ca4: 0x1d95,
	0x0ca5: 0x6a94,
	0x0ca6: 0x3f97,
	0x0ca7: 0x0c96,
	0x0ca8: 0xd199,
	0x0ca9: 0x2e98,
	0x0caa: 0xf39b,
	0x0cab: 0xc09a,
	0x0cac: 0x959d,
	0x0cad: 0xe29c,
	0x0cae: 0xb79f,
	0x0caf: 0x849e,
	0x0cb0: 0x4881,
	0x0cb1: 0xc080,
	0x0cb2: 0x6a83,
	0x0cb3: 0x5982,
	0x0cb4: 0x0c85,
	0x0cb5: 0x7b84,
	0x0cb6: 0x2e87,
	0x0cb7: 0x1d86,
	0x0cb8: 0xc089,
	0x0cb9: 0x3f88,
	0x0cba: 0xe28b,
	0x0cbb: 0xd18a,
	0x0cbc: 0x848d,
	0x0cbd: 0xf38c,
	0x0cbe: 0xa68f,
	0x0cbf: 0x958e,
	0x0cc0: 0xb7f1,
	0x0cc1: 0x59f0,
	0x0cc2: 0x95f3,
	0x0cc3: 0xa6f2,
	0x0cc4: 0xf3f5,
	0x0cc5: 0x84f4,
	0x0cc6: 0xd1f7,
	0x0cc7: 0xe2f6,
	0x0cc8: 0x3ff9,
	0x0cc9: 0xc0f8,
	0x0cca: 0x1dfb,
	0x0ccb: 0x2efa,
	0x0ccc: 0x7bfd,
	0x0ccd: 0x0cfc,
	0x0cce: 0x59ff,
	0x0ccf: 0x6afe,
	0x0cd0: 0xa6e1,
	0x0cd1: 0x6ae0,
	0x0cd2: 0x84e3,
	0x0cd3: 0xb7e2,
	0x0cd4: 0xe2e5,
	0x0cd5: 0x95e4,
	0x0cd6: 0xc0e7,
	0x0cd7: 0xf3e6,
	0x0cd8: 0x2ee9,
	0x0cd9: 0xd1e8,
	0x0cda: 0x0ceb,
	0x0cdb: 0x3fea,
	0x0cdc: 0x6aed,
	0x0cdd: 0x1dec,
	0x0cde: 0x48ef,
	0x0cdf: 0x7bee,
	0x0ce0: 0x95d1,
	0x0ce1: 0x7bd0,
	0x0ce2: 0xb7d3,
	0x0ce3: 0x84d2,
	0x0ce4: 0xd1d5,
	0x0ce5: 0xa6d4,
	0x0ce6: 0xf3d7,
	0x0ce7: 0xc0d6,
	0x0ce8: 0x1dd9,
	0x0ce9: 0xe2d8,
	0x0cea: 0x3fdb,
	0x0ceb: 0x0cda,
	0x0cec: 0x59dd,
	0x0ced: 0x2edc,
	0x0cee: 0x7bdf,
	0x0cef: 0x48de,
	0x0cf0: 0x84c1,
	0x0cf1: 0x84c0,
	0x0cf2: 0xa6c3,
	0x0cf3: 0x95c2,
	0x0cf4: 0xc0c5,
	0x0cf5: 0xb7c4,
	0x0cf6: 0xe2c7,
	0x0cf7: 0xd1c6,
	0x0cf8: 0x0cc9,
	0x0cf9: 0xf3c8,
	0x0cfa: 0x2ecb,
	0x0cfb: 0x1dca,
	0x0cfc: 0x48cd,
	0x0cfd: 0x3fcc,
	0x0cfe: 0x6acf,
	0x0cff: 0x59ce,
	0x0d00: 0xa736,
	0x0d01: 0x9437,
	0x0d02: 0xc134,
	0x0d03: 0xb635,
	0x0d04: 0xe332,
	0x0d05: 0xd033,
	0x0d06: 0x1c30,
	0x0d07: 0xf231,
	0x0d08: 0x2f3e,
	0x0d09: 0x1c3f,
	0x0d0a: 0x493c,
	0x0d0b: 0x3e3d,
	0x0d0c: 0x6b3a,
	0x0d0d: 0x583b,
	0x0d0e: 0x8538,
	0x0d0f: 0x7a39,
	0x0d10: 0xb626,
	0x0d11: 0x8527,
	0x0d12: 0xd024,
	0x0d13: 0xa725,
	0x0d14: 0xf222,
	0x0d15: 0xc123,
	0x0d16: 0x2f20,
	0x0d17: 0xe321,
	0x0d18: 0x3e2e,
	0x0d19: 0x0d2f,
	0x0d1a: 0x582c,
	0x0d1b: 0x2f2d,
	0x0d1c: 0x7a2a,
	0x0d1d: 0x492b,
	0x0d1e: 0x9428,
	0x0d1f: 0x6b29,
	0x0d20: 0x8516,
	0x0d21: 0xb617,
	0x0d22: 0xe314,
	0x0d23: 0x9415,
	0x0d24: 0xc112,
	0x0d25: 0xf213,
	0x0d26: 0x3e10,
	0x0d27: 0xd011,
	0x0d28: 0x0d1e,
	0x0d29: 0x3e1f,
	0x0d2a: 0x6b1c,
	0x0d2b: 0x1c1d,
	0x0d2c: 0x491a,
	0x0d2d: 0x7a1b,
	0x0d2e: 0xa718,
	0x0d2f: 0x5819,
	0x0d30: 0x9406,
	0x0d31: 0xa707,
	0x0d32: 0xf204,
	0x0d33: 0x8505,
	0x0d34: 0xd002,
	0x0d35: 0xe303,
	0x0d36: 0x4900,
	0x0d37: 0xc101,
	0x0d38: 0x1c0e,
	0x0d39: 0x2f0f,
	0x0d3a: 0x7a0c,
	0x0d3b: 0x0d0d,
	0x0d3c: 0x580a,
	0x0d3d: 0x6b0b,
	0x0d3e: 0xb608,
	0x0d3f: 0x4909,
	0x0d40: 0x6b76,
	0x0d41: 0x5877,
	0x0d42: 0x0d74,
	0x0d43: 0x7a75,
	0x0d44: 0x2f72,
	0x0d45: 0x1c73,
	0x0d46: 0xd070,
	0x0d47: 0x3e71,
	0x0d48: 0xe37e,
	0x0d49: 0xd07f,
	0x0d4a: 0x857c,
	0x0d4b: 0xf27d,
	0x0d4c: 0xa77a,
	0x0d4d: 0x947b,
	0x0d4e: 0x4978,
	0x0d4f: 0xb679,
	0x0d50: 0x7a66,
	0x0d51: 0x4967,
	0x0d52: 0x1c64,
	0x0d53: 0x6b65,
	0x0d54: 0x3e62,
	0x0d55: 0x0d63,
	0x0d56: 0xe360,
	0x0d57: 0x2f61,
	0x0d58: 0xf26e,
	0x0d59: 0xc16f,
	0x0d5a: 0x946c,
	0x0d5b: 0xe36d,
	0x0d5c: 0xb66a,
	0x0d5d: 0x856b,
	0x0d5e: 0x5868,
	0x0d5f: 0xa769,
	0x0d60: 0x4956,
	0x0d61: 0x7a57,
	0x0d62: 0x2f54,
	0x0d63: 0x5855,
	0x0d64: 0x0d52,
	0x0d65: 0x3e53,
	0x0d66: 0xf250,
	0x0d67: 0x1c51,
	0x0d68: 0xc15e,
	0x0d69: 0xf25f,
	0x0d6a: 0xa75c,
	0x0d6b: 0xd05d,
	0x0d6c: 0x855a,
	0x0d6d: 0xb65b,
	0x0d6e: 0x6b58,
	0x0d6f: 0x9459,
	0x0d70: 0x5846,
	0x0d71: 0x6b47,
	0x0d72: 0x3e44,
	0x0d73: 0x4945,
	0x0d74: 0x1c42,
	0x0d75: 0x2f43,
	0x0d76: 0x0d40,
	0x0d77: 0x0d41,
	0x0d78: 0xd04e,
	0x0d79: 0xe34f,
	0x0d7a: 0xb64c,
	0x0d7b: 0xc14d,
	0x0d7c: 0x944a,
	0x0d7d: 0xa74b,
	0x0d7e: 0x7a48,
	0x0d7f: 0x8549,
	0x0d80: 0x2fb6,
	0x0d81: 0x1cb7,
	0x0d82: 0x49b4,
	0x0d83: 0x3eb5,
	0x0d84: 0x6bb2,
	0x0d85: 0x58b3,
	0x0d86: 0x94b0,
	0x0d87: 0x7ab1,
	0x0d88: 0xa7be,
	0x0d89: 0x94bf,
	0x0d8a: 0xc1bc,
	0x0d8b: 0xb6bd,
	0x0d8c: 0xe3ba,
	0x0d8d: 0xd0bb,
	0x0d8e: 0x0db8,
	0x0d8f: 0xf2b9,
	0x0d90: 0x3ea6,
	0x0d91: 0x0da7,
	0x0d92: 0x58a4,
	0x0d93: 0x2fa5,
	0x0d94: 0x7aa2,
	0x0d95: 0x49a3,
	0x0d96: 0xa7a0,
	0x0d97: 0x6ba1,
	0x0d98: 0xb6ae,
	0x0d99: 0x85af,
	0x0d9a: 0xd0ac,
	0x0d9b: 0xa7ad,
	0x0d9c: 0xf2aa,
	0x0d9d: 0xc1ab,
	0x0d9e: 0x1ca8,
	0x0d9f: 0xe3a9,
	0x0da0: 0x0d96,
	0x0da1: 0x3e97,
	0x0da2: 0x6b94,
	0x0da3: 0x1c95,
	0x0da4: 0x4992,
	0x0da5: 0x7a93,
	0x0da6: 0xb690,
	0x0da7: 0x5891,
	0x0da8: 0x859e,
	0x0da9: 0xb69f,
	0x0daa: 0xe39c,
	0x0dab: 0x949d,
	0x0dac: 0xc19a,
	0x0dad: 0xf29b,
	0x0dae: 0x2f98,
	0x0daf: 0xd099,
	0x0db0: 0x1c86,
	0x0db1: 0x2f87,
	0x0db2: 0x7a84,
	0x0db3: 0x0d85,
	0x0db4: 0x5882,
	0x0db5: 0x6b83,
	0x0db6: 0xc180,
	0x0db7: 0x4981,
	0x0db8: 0x948e,
	0x0db9: 0xa78f,
	0x0dba: 0xf28c,
	0x0dbb: 0x858d,
	0x0dbc: 0xd08a,
	0x0dbd: 0xe38b,
	0x0dbe: 0x3e88,
	0x0dbf: 0xc189,
	0x0dc0: 0xe3f6,
	0x0dc1: 0xd0f7,
	0x0dc2: 0x85f4,
	0x0dc3: 0xf2f5,
	0x0dc4: 0xa7f2,
	0x0dc5: 0x94f3,
	0x0dc6: 0x58f0,
	0x0dc7: 0xb6f1,
	0x0dc8: 0x6bfe,
	0x0dc9: 0x58ff,
	0x0dca: 0x0dfc,
	0x0dcb: 0x7afd,
	0x0dcc: 0x2ffa,
	0x0dcd: 0x1cfb,
	0x0dce: 0xc1f8,
	0x0dcf: 0x3ef9,
	0x0dd0: 0xf2e6,
	0x0dd1: 0xc1e7,
	0x0dd2: 0x94e4,
	0x0dd3: 0xe3e5,
	0x0dd4: 0xb6e2,
	0x0dd5: 0x85e3,
	0x0dd6: 0x6be0,
	0x0dd7: 0xa7e1,
	0x0dd8: 0x7aee,
	0x0dd9: 0x49ef,
	0x0dda: 0x1cec,
	0x0ddb: 0x6bed,
	0x0ddc: 0x3eea,
	0x0ddd: 0x0deb,
	0x0dde: 0xd0e8,
	0x0ddf: 0x2fe9,
	0x0de0: 0xc1d6,
	0x0de1: 0xf2d7,
	0x0de2: 0xa7d4,
	0x0de3: 0xd0d5,
	0x0de4: 0x85d2,
	0x0de5: 0xb6d3,
	0x0de6: 0x7ad0,
	0x0de7: 0x94d1,
	0x0de8: 0x49de,
	0x0de9: 0x7adf,
	0x0dea: 0x2fdc,
	0x0deb: 0x58dd,
	0x0dec: 0x0dda,
	0x0ded: 0x3edb,
	0x0dee: 0xe3d8,
	0x0def: 0x1cd9,
	0x0df0: 0xd0c6,
	0x0df1: 0xe3c7,
	0x0df2: 0xb6c4,
	0x0df3: 0xc1c5,
	0x0df4: 0x94c2,
	0x0df5: 0xa7c3,
	0x0df6: 0x85c0,
	0x0df7: 0x85c1,
	0x0df8: 0x58ce,
	0x0df9: 0x6bcf,
	0x0dfa: 0x3ecc,
	0x0dfb: 0x49cd,
	0x0dfc: 0x1cca,
	0x0dfd: 0x2fcb,
	0x0dfe: 0xf2c8,
	0x0dff: 0x0dc9,
	0x0e00: 0x5b3b,
	0x0e01: 0x683a,
	0x0e02: 0x7939,
	0x0e03: 0x8638,
	0x0e04: 0x1f3f,
	0x0e05: 0x2c3e,
	0x0e06: 0x3d3d,
	0x0e07: 0x4a3c,
	0x0e08: 0xd333,
	0x0e09: 0xe032,
	0x0e0a: 0xf131,
	0x0e0b: 0x1f30,
	0x0e0c: 0x9737,
	0x0e0d: 0xa436,
	0x0e0e: 0xb535,
	0x0e0f: 0xc234,
	0x0e10: 0x4a2b,
	0x0e11: 0x792a,
	0x0e12: 0x6829,
	0x0e13: 0x9728,
	0x0e14: 0x0e2f,
	0x0e15: 0x3d2e,
	0x0e16: 0x2c2d,
	0x0e17: 0x5b2c,
	0x0e18: 0xc223,
	0x0e19: 0xf122,
	0x0e1a: 0xe021,
	0x0e1b: 0x2c20,
	0x0e1c: 0x8627,
	0x0e1d: 0xb526,
	0x0e1e: 0xa425,
	0x0e1f: 0xd324,
	0x0e20: 0x791b,
	0x0e21: 0x4a1a,
	0x0e22: 0x5b19,
	0x0e23: 0xa418,
	0x0e24: 0x3d1f,
	0x0e25: 0x0e1e,
	0x0e26: 0x1f1d,
	0x0e27: 0x681c,
	0x0e28: 0xf113,
	0x0e29: 0xc212,
	0x0e2a: 0xd311,
	0x0e2b: 0x3d10,
	0x0e2c: 0xb517,
	0x0e2d: 0x8616,
	0x0e2e: 0x9715,
	0x0e2f: 0xe014,
	0x0e30: 0x680b,
	0x0e31: 0x5b0a,
	0x0e32: 0x4a09,
	0x0e33: 0xb508,
	0x0e34: 0x2c0f,
	0x0e35: 0x1f0e,
	0x0e36: 0x0e0d,
	0x0e37: 0x790c,
	0x0e38: 0xe003,
	0x0e39: 0xd302,
	0x0e3a: 0xc201,
	0x0e3b: 0x4a00,
	0x0e3c: 0xa407,
	0x0e3d: 0x9706,
	0x0e3e: 0x8605,
	0x0e3f: 0xf104,
	0x0e40: 0x977b,
	0x0e41: 0xa47a,
	0x0e42: 0xb579,
	0x0e43: 0x4a78,
	0x0e44: 0xd37f,
	0x0e45: 0xe07e,
	0x0e46: 0xf17d,
	0x0e47: 0x867c,
	0x0e48: 0x1f73,
	0x0e49: 0x2c72,
	0x0e4a: 0x3d71,
	0x0e4b: 0xd370,
	0x0e4c: 0x5b77,
	0x0e4d: 0x6876,
	0x0e4e: 0x7975,
	0x0e4f: 0x0e74,
	0x0e50: 0x866b,
	0x0e51: 0xb56a,
	0x0e52: 0xa469,
	0x0e53: 0x5b68,
	0x0e54: 0xc26f,
	0x0e55: 0xf16e,
	0x0e56: 0xe06d,
	0x0e57: 0x976c,
	0x0e58: 0x0e63,
	0x0e59: 0x3d62,
	0x0e5a: 0x2c61,
	0x0e5b: 0xe060,
	0x0e5c: 0x4a67,
	0x0e5d: 0x7966,
	0x0e5e: 0x6865,
	0x0e5f: 0x1f64,
	0x0e60: 0xb55b,
	0x0e61: 0x865a,
	0x0e62: 0x9759,
	0x0e63: 0x6858,
	0x0e64: 0xf15f,
	0x0e65: 0xc25e,
	0x0e66: 0xd35d,
	0x0e67: 0xa45c,
	0x0e68: 0x3d53,
	0x0e69: 0x0e52,
	0x0e6a: 0x1f51,
	0x0e6b: 0xf150,
	0x0e6c: 0x7957,
	0x0e6d: 0x4a56,
	0x0e6e: 0x5b55,
	0x0e6f: 0x2c54,
	0x0e70: 0xa44b,
	0x0e71: 0x974a,
	0x0e72: 0x8649,
	0x0e73: 0x7948,
	0x0e74: 0xe04f,
	0x0e75: 0xd34e,
	0x0e76: 0xc24d,
	0x0e77: 0xb54c,
	0x0e78: 0x2c43,
	0x0e79: 0x1f42,
	0x0e7a: 0x0e41,
	0x0e7b: 0x0e40,
	0x0e7c: 0x6847,
	0x0e7d: 0x5b46,
	0x0e7e: 0x4a45,
	0x0e7f: 0x3d44,
	0x0e80: 0xd3bb,
	0x0e81: 0xe0ba,
	0x0e82: 0xf1b9,
	0x0e83: 0x0eb8,
	0x0e84: 0x97bf,
	0x0e85: 0xa4be,
	0x0e86: 0xb5bd,
	0x0e87: 0xc2bc,
	0x0e88: 0x5bb3,
	0x0e89: 0x68b2,
	0x0e8a: 0x79b1,
	0x0e8b: 0x97b0,
	0x0e8c: 0x1fb7,
	0x0e8d: 0x2cb6,
	0x0e8e: 0x3db5,
	0x0e8f: 0x4ab4,
	0x0e90: 0xc2ab,
	0x0e91: 0xf1aa,
	0x0e92: 0xe0a9,
	0x0e93: 0x1fa8,
	0x0e94: 0x86af,
	0x0e95: 0xb5ae,
	0x0e96: 0xa4ad,
	0x0e97: 0xd3ac,
	0x0e98: 0x4aa3,
	0x0e99: 0x79a2,
	0x0e9a: 0x68a1,
	0x0e9b: 0xa4a0,
	0x0e9c: 0x0ea7,
	0x0e9d: 0x3da6,
	0x0e9e: 0x2ca5,
	0x0e9f: 0x5ba4,
	0x0ea0: 0xf19b,
	0x0ea1: 0xc29a,
	0x0ea2: 0xd399,
	0x0ea3: 0x2c98,
	0x0ea4: 0xb59f,
	0x0ea5: 0x869e,
	0x0ea6: 0x979d,
	0x0ea7: 0xe09c,
	0x0ea8: 0x7993,
	0x0ea9: 0x4a92,
	0x0eaa: 0x5b91,
	0x0eab: 0xb590,
	0x0eac: 0x3d97,
	0x0ead: 0x0e96,
	0x0eae: 0x1f95,
	0x0eaf: 0x6894,
	0x0eb0: 0xe08b,
	0x0eb1: 0xd38a,
	0x0eb2: 0xc289,
	0x0eb3: 0x3d88,
	0x0eb4: 0xa48f,
	0x0eb5: 0x978e,
	0x0eb6: 0x868d,
	0x0eb7: 0xf18c,
	0x0eb8: 0x6883,
	0x0eb9: 0x5b82,
	0x0eba: 0x4a81,
	0x0ebb: 0xc280,
	0x0ebc: 0x2c87,
	0x0ebd: 0x1f86,
	0x0ebe: 0x0e85,
	0x0ebf: 0x7984,
	0x0ec0: 0x1ffb,
	0x0ec1: 0x2cfa,
	0x0ec2: 0x3df9,
	0x0ec3: 0xc2f8,
	0x0ec4: 0x5bff,
	0x0ec5: 0x68fe,
	0x0ec6: 0x79fd,
	0x0ec7: 0x0efc,
	0x0ec8: 0x97f3,
	0x0ec9: 0xa4f2,
	0x0eca: 0xb5f1,
	0x0ecb: 0x5bf0,
	0x0ecc: 0xd3f7,
	0x0ecd: 0xe0f6,
	0x0ece: 0xf1f5,
	0x0ecf: 0x86f4,
	0x0ed0: 0x0eeb,
	0x0ed1: 0x3dea,
	0x0ed2: 0x2ce9,
	0x0ed3: 0xd3e8,
	0x0ed4: 0x4aef,
	0x0ed5: 0x79ee,
	0x0ed6: 0x68ed,
	0x0ed7: 0x1fec,
	0x0ed8: 0x86e3,
	0x0ed9: 0xb5e2,
	0x0eda: 0xa4e1,
	0x0edb: 0x68e0,
	0x0edc: 0xc2e7,
	0x0edd: 0xf1e6,
	0x0ede: 0xe0e5,
	0x0edf: 0x97e4,
	0x0ee0: 0x3ddb,
	0x0ee1: 0x0eda,
	0x0ee2: 0x1fd9,
	0x0ee3: 0xe0d8,
	0x0ee4: 0x79df,
	0x0ee5: 0x4ade,
	0x0ee6: 0x5bdd,
	0x0ee7: 0x2cdc,
	0x0ee8: 0xb5d3,
	0x0ee9: 0x86d2,
	0x0eea: 0x97d1,
	0x0eeb: 0x79d0,
	0x0eec: 0xf1d7,
	0x0eed: 0xc2d6,
	0x0eee: 0xd3d5,
	0x0eef: 0xa4d4,
	0x0ef0: 0x2ccb,
	0x0ef1: 0x1fca,
	0x0ef2: 0x0ec9,
	0x0ef3: 0xf1c8,
	0x0ef4: 0x68cf,
	0x0ef5: 0x5bce,
	0x0ef6: 0x4acd,
	0x0ef7: 0x3dcc,
	0x0ef8: 0xa4c3,
	0x0ef9: 0x97c2,
	0x0efa: 0x86c1,
	0x0efb: 0x86c0,
	0x0efc: 0xe0c7,
	0x0efd: 0xd3c6,
	0x0efe: 0xc2c5,
	0x0eff: 0xb5c4,
	0x0f00: 0x0f40,
	0x0f01: 0x0f41,
	0x0f02: 0x1e42,
	0x0f03: 0x2d43,
	0x0f04: 0x3c44,
	0x0f05: 0x4b45,
	0x0f06: 0x5a46,
	0x0f07: 0x6947,
	0x0f08: 0x7848,
	0x0f09: 0x8749,
	0x0f0a: 0x964a,
	0x0f0b: 0xa54b,
	0x0f0c: 0xb44c,
	0x0f0d: 0xc34d,
	0x0f0e: 0xd24e,
	0x0f0f: 0xe14f,
	0x0f10: 0xf050,
	0x0f11: 0x1e51,
	0x0f12: 0x0f52,
	0x0f13: 0x3c53,
	0x0f14: 0x2d54,
	0x0f15: 0x5a55,
	0x0f16: 0x4b56,
	0x0f17: 0x7857,
	0x0f18: 0x6958,
	0x0f19: 0x9659,
	0x0f1a: 0x875a,
	0x0f1b: 0xb45b,
	0x0f1c: 0xa55c,
	0x0f1d: 0xd25d,
	0x0f1e: 0xc35e,
	0x0f1f: 0xf05f,
	0x0f20: 0xe160,
	0x0f21: 0x2d61,
	0x0f22: 0x3c62,
	0x0f23: 0x0f63,
	0x0f24: 0x1e64,
	0x0f25: 0x6965,
	0x0f26: 0x7866,
	0x0f27: 0x4b67,
	0x0f28: 0x5a68,
	0x0f29: 0xa569,
	0x0f2a: 0xb46a,
	0x0f2b: 0x876b,
	0x0f2c: 0x966c,
	0x0f2d: 0xe16d,
	0x0f2e: 0xf06e,
	0x0f2f: 0xc36f,
	0x0f30: 0xd270,
	0x0f31: 0x3c71,
	0x0f32: 0x2d72,
	0x0f33: 0x1e73,
	0x0f34: 0x0f74,
	0x0f35: 0x7875,
	0x0f36: 0x6976,
	0x0f37: 0x5a77,
	0x0f38: 0x4b78,
	0x0f39: 0xb479,
	0x0f3a: 0xa57a,
	0x0f3b: 0x967b,
	0x0f3c: 0x877c,
	0x0f3d: 0xf07d,
	0x0f3e: 0xe17e,
	0x0f3f: 0xd27f,
	0x0f40: 0x4b00,
	0x0f41: 0xc301,
	0x0f42: 0xd202,
	0x0f43: 0xe103,
	0x0f44: 0xf004,
	0x0f45: 0x8705,
	0x0f46: 0x9606,
	0x0f47: 0xa507,
	0x0f48: 0xb408,
	0x0f49: 0x4b09,
	0x0f4a: 0x5a0a,
	0x0f4b: 0x690b,
	0x0f4c: 0x780c,
	0x0f4d: 0x0f0d,
	0x0f4e: 0x1e0e,
	0x0f4f: 0x2d0f,
	0x0f50: 0x3c10,
	0x0f51: 0xd211,
	0x0f52: 0xc312,
	0x0f53: 0xf013,
	0x0f54: 0xe114,
	0x0f55: 0x9615,
	0x0f56: 0x8716,
	0x0f57: 0xb417,
	0x0f58: 0xa518,
	0x0f59: 0x5a19,
	0x0f5a: 0x4b1a,
	0x0f5b: 0x781b,
	0x0f5c: 0x691c,
	0x0f5d: 0x1e1d,
	0x0f5e: 0x0f1e,
	0x0f5f: 0x3c1f,
	0x0f60: 0x2d20,
	0x0f61: 0xe121,
	0x0f62: 0xf022,
	0x0f63: 0xc323,
	0x0f64: 0xd224,
	0x0f65: 0xa525,
	0x0f66: 0xb426,
	0x0f67: 0x8727,
	0x0f68: 0x9628,
	0x0f69: 0x6929,
	0x0f6a: 0x782a,
	0x0f6b: 0x4b2b,
	0x0f6c: 0x5a2c,
	0x0f6d: 0x2d2d,
	0x0f6e: 0x3c2e,
	0x0f6f: 0x0f2f,
	0x0f70: 0x1e30,
	0x0f71: 0xf031,
	0x0f72: 0xe132,
	0x0f73: 0xd233,
	0x0f74: 0xc334,
	0x0f75: 0xb435,
	0x0f76: 0xa536,
	0x0f77: 0x9637,
	0x0f78: 0x8738,
	0x0f79: 0x7839,
	0x0f7a: 0x693a,
	0x0f7b: 0x5a3b,
	0x0f7c: 0x4b3c,
	0x0f7d: 0x3c3d,
	0x0f7e: 0x2d3e,
	0x0f7f: 0x1e3f,
	0x0f80: 0x87c0,
	0x0f81: 0x87c1,
	0x0f82: 0x96c2,
	0x0f83: 0xa5c3,
	0x0f84: 0xb4c4,
	0x0f85: 0xc3c5,
	0x0f86: 0xd2c6,
	0x0f87: 0xe1c7,
	0x0f88: 0xf0c8,
	0x0f89: 0x0fc9,
	0x0f8a: 0x1eca,
	0x0f8b: 0x2dcb,
	0x0f8c: 0x3ccc,
	0x0f8d: 0x4bcd,
	0x0f8e: 0x5ace,
	0x0f8f: 0x69cf,
	0x0f90: 0x78d0,
	0x0f91: 0x96d1,
	0x0f92: 0x87d2,
	0x0f93: 0xb4d3,
	0x0f94: 0xa5d4,
	0x0f95: 0xd2d5,
	0x0f96: 0xc3d6,
	0x0f97: 0xf0d7,
	0x0f98: 0xe1d8,
	0x0f99: 0x1ed9,
	0x0f9a: 0x0fda,
	0x0f9b: 0x3cdb,
	0x0f9c: 0x2ddc,
	0x0f9d: 0x5add,
	0x0f9e: 0x4bde,
	0x0f9f: 0x78df,
	0x0fa0: 0x69e0,
	0x0fa1: 0xa5e1,
	0x0fa2: 0xb4e2,
	0x0fa3: 0x87e3,
	0x0fa4: 0x96e4,
	0x0fa5: 0xe1e5,
	0x0fa6: 0xf0e6,
	0x0fa7: 0xc3e7,
	0x0fa8: 0xd2e8,
	0x0fa9: 0x2de9,
	0x0faa: 0x3cea,
	0x0fab: 0x0feb,
	0x0fac: 0x1eec,
	0x0fad: 0x69ed,
	0x0fae: 0x78ee,
	0x0faf: 0x4bef,
	0x0fb0: 0x5af0,
	0x0fb1: 0xb4f1,
	0x0fb2: 0xa5f2,
	0x0fb3: 0x96f3,
	0x0fb4: 0x87f4,
	0x0fb5: 0xf0f5,
	0x0fb6: 0xe1f6,
	0x0fb7: 0xd2f7,
	0x0fb8: 0xc3f8,
	0x0fb9: 0x3cf9,
	0x0fba: 0x2dfa,
	0x0fbb: 0x1efb,
	0x0fbc: 0x0ffc,
	0x0fbd: 0x78fd,
	0x0fbe: 0x69fe,
	0x0fbf: 0x5aff,
	0x0fc0: 0xc380,
	0x0fc1: 0x4b81,
	0x0fc2: 0x5a82,
	0x0fc3: 0x6983,
	0x0fc4: 0x7884,
	0x0fc5: 0x0f85,
	0x0fc6: 0x1e86,
	0x0fc7: 0x2d87,
	0x0fc8: 0x3c88,
	0x0fc9: 0xc389,
	0x0fca: 0xd28a,
	0x0fcb: 0xe18b,
	0x0fcc: 0xf08c,
	0x0fcd: 0x878d,
	0x0fce: 0x968e,
	0x0fcf: 0xa58f,
	0x0fd0: 0xb490,
	0x0fd1: 0x5a91,
	0x0fd2: 0x4b92,
	0x0fd3: 0x7893,
	0x0fd4: 0x6994,
	0x0fd5: 0x1e95,
	0x0fd6: 0x0f96,
	0x0fd7: 0x3c97,
	0x0fd8: 0x2d98,
	0x0fd9: 0xd299,
	0x0fda: 0xc39a,
	0x0fdb: 0xf09b,
	0x0fdc: 0xe19c,
	0x0fdd: 0x969d,
	0x0fde: 0x879e,
	0x0fdf: 0xb49f,
	0x0fe0: 0xa5a0,
	0x0fe1: 0x69a1,
	0x0fe2: 0x78a2,
	0x0fe3: 0x4ba3,
	0x0fe4: 0x5aa4,
	0x0fe5: 0x2da5,
	0x0fe6: 0x3ca6,
	0x0fe7: 0x0fa7,
	0x0fe8: 0x1ea8,
	0x0fe9: 0xe1a9,
	0x0fea: 0xf0aa,
	0x0feb: 0xc3ab,
	0x0fec: 0xd2ac,
	0x0fed: 0xa5ad,
	0x0fee: 0xb4ae,
	0x0fef: 0x87af,
	0x0ff0: 0x96b0,
	0x0ff1: 0x78b1,
	0x0ff2: 0x69b2,
	0x0ff3: 0x5ab3,
	0x0ff4: 0x4bb4,
	0x0ff5: 0x3cb5,
	0x0ff6: 0x2db6,
	0x0ff7: 0x1eb7,
	0x0ff8: 0x0fb8,
	0x0ff9: 0xf0b9,
	0x0ffa: 0xe1ba,
	0x0ffb: 0xd2bb,
	0x0ffc: 0xc3bc,
	0x0ffd: 0xb4bd,
	0x0ffe: 0xa5be,
	0x0fff: 0x96bf,
	0x1000: 0x5445,
	0x1001: 0x2344,
	0x1002: 0x7647,
	0x1003: 0x4546,
	0x1004: 0x1041,
	0x1005: 0x1040,
	0x1006: 0x3243,
	0x1007: 0x0142,
	0x1008: 0xdc4d,
	0x1009: 0xab4c,
	0x100a: 0xfe4f,
	0x100b: 0xcd4e,
	0x100c: 0x9849,
	0x100d: 0x6748,
	0x100e: 0xba4b,
	0x100f: 0x894a,
	0x1010: 0x4555,
	0x1011: 0x3254,
	0x1012: 0x6757,
	0x1013: 0x5456,
	0x1014: 0x0151,
	0x1015: 0xef50,
	0x1016: 0x2353,
	0x1017: 0x1052,
	0x1018: 0xcd5d,
	0x1019: 0xba5c,
	0x101a: 0xef5f,
	0x101b: 0xdc5e,
	0x101c: 0x8959,
	0x101d: 0x7658,
	0x101e: 0xab5b,
	0x101f: 0x985a,
	0x1020: 0x7665,
	0x1021: 0x0164,
	0x1022: 0x5467,
	0x1023: 0x6766,
	0x1024: 0x3261,
	0x1025: 0xfe60,
	0x1026: 0x1063,
	0x1027: 0x2362,
	0x1028: 0xfe6d,
	0x1029: 0x896c,
	0x102a: 0xdc6f,
	0x102b: 0xef6e,
	0x102c: 0xba69,
	0x102d: 0x4568,
	0x102e: 0x986b,
	0x102f: 0xab6a,
	0x1030: 0x6775,
	0x1031: 0x1074,
	0x1032: 0x4577,
	0x1033: 0x7676,
	0x1034: 0x2371,
	0x1035: 0xcd70,
	0x1036: 0x0173,
	0x1037: 0x3272,
	0x1038: 0xef7d,
	0x1039: 0x987c,
	0x103a: 0xcd7f,
	0x103b: 0xfe7e,
	0x103c: 0xab79,
	0x103d: 0x5478,
	0x103e: 0x897b,
	0x103f: 0xba7a,
	0x1040: 0x9805,
	0x1041: 0xef04,
	0x1042: 0xba07,
	0x1043: 0x8906,
	0x1044: 0xdc01,
	0x1045: 0x5400,
	0x1046: 0xfe03,
	0x1047: 0xcd02,
	0x1048: 0x100d,
	0x1049: 0x670c,
	0x104a: 0x320f,
	0x104b: 0x010e,
	0x104c: 0x5409,
	0x104d: 0xab08,
	0x104e: 0x760b,
	0x104f: 0x450a,
	0x1050: 0x8915,
	0x1051: 0xfe14,
	0x1052: 0xab17,
	0x1053: 0x9816,
	0x1054: 0xcd11,
	0x1055: 0x2310,
	0x1056: 0xef13,
	0x1057: 0xdc12,
	0x1058: 0x011d,
	0x1059: 0x761c,
	0x105a: 0x231f,
	0x105b: 0x101e,
	0x105c: 0x4519,
	0x105d: 0xba18,
	0x105e: 0x671b,
	0x105f: 0x541a,
	0x1060: 0xba25,
	0x1061: 0xcd24,
	0x1062: 0x9827,
	0x1063: 0xab26,
	0x1064: 0xfe21,
	0x1065: 0x3220,
	0x1066: 0xdc23,
	0x1067: 0xef22,
	0x1068: 0x322d,
	0x1069: 0x452c,
	0x106a: 0x102f,
	0x106b: 0x232e,
	0x106c: 0x7629,
	0x106d: 0x8928,
	0x106e: 0x542b,
	0x106f: 0x672a,
	0x1070: 0xab35,
	0x1071: 0xdc34,
	0x1072: 0x8937,
	0x1073: 0xba36,
	0x1074: 0xef31,
	0x1075: 0x0130,
	0x1076: 0xcd33,
	0x1077: 0xfe32,
	0x1078: 0x233d,
	0x1079: 0x543c,
	0x107a: 0x013f,
	0x107b: 0x323e,
	0x107c: 0x6739,
	0x107d: 0x9838,
	0x107e: 0x453b,
	0x107f: 0x763a,
	0x1080: 0xdcc5,
	0x1081: 0xabc4,
	0x1082: 0xfec7,
	0x1083: 0xcdc6,
	0x1084: 0x98c1,
	0x1085: 0x98c0,
	0x1086: 0xbac3,
	0x1087: 0x89c2,
	0x1088: 0x54cd,
	0x1089: 0x23cc,
	0x108a: 0x76cf,
	0x108b: 0x45ce,
	0x108c: 0x10c9,
	0x108d: 0xefc8,
	0x108e: 0x32cb,
	0x108f: 0x01ca,
	0x1090: 0xcdd5,
	0x1091: 0xbad4,
	0x1092: 0xefd7,
	0x1093: 0xdcd6,
	0x1094: 0x89d1,
	0x1095: 0x67d0,
	0x1096: 0xabd3,
	0x1097: 0x98d2,
	0x1098: 0x45dd,
	0x1099: 0x32dc,
	0x109a: 0x67df,
	0x109b: 0x54de,
	0x109c: 0x01d9,
	0x109d: 0xfed8,
	0x109e: 0x23db,
	0x109f: 0x10da,
	0x10a0: 0xfee5,
	0x10a1: 0x89e4,
	0x10a2: 0xdce7,
	0x10a3: 0xefe6,
	0x10a4: 0xbae1,
	0x10a5: 0x76e0,
	0x10a6: 0x98e3,
	0x10a7: 0xabe2,
	0x10a8: 0x76ed,
	0x10a9: 0x01ec,
	0x10aa: 0x54ef,
	0x10ab: 0x67ee,
	0x10ac: 0x32e9,
	0x10ad: 0xcde8,
	0x10ae: 0x10eb,
	0x10af: 0x23ea,
	0x10b0: 0xeff5,
	0x10b1: 0x98f4,
	0x10b2: 0xcdf7,
	0x10b3: 0xfef6,
	0x10b4: 0xabf1,
	0x10b5: 0x45f0,
	0x10b6: 0x89f3,
	0x10b7: 0xbaf2,
	0x10b8: 0x67fd,
	0x10b9: 0x10fc,
	0x10ba: 0x45ff,
	0x10bb: 0x76fe,
	0x10bc: 0x23f9,
	0x10bd: 0xdcf8,
	0x10be: 0x01fb,
	0x10bf: 0x32fa,
	0x10c0: 0x1085,
	0x10c1: 0x6784,
	0x10c2: 0x3287,
	0x10c3: 0x0186,
	0x10c4: 0x5481,
	0x10c5: 0xdc80,
	0x10c6: 0x7683,
	0x10c7: 0x4582,
	0x10c8: 0x988d,
	0x10c9: 0xef8c,
	0x10ca: 0xba8f,
	0x10cb: 0x898e,
	0x10cc: 0xdc89,
	0x10cd: 0x2388,
	0x10ce: 0xfe8b,
	0x10cf: 0xcd8a,
	0x10d0: 0x0195,
	0x10d1: 0x7694,
	0x10d2: 0x2397,
	0x10d3: 0x1096,
	0x10d4: 0x4591,
	0x10d5: 0xab90,
	0x10d6: 0x6793,
	0x10d7: 0x5492,
	0x10d8: 0x899d,
	0x10d9: 0xfe9c,
	0x10da: 0xab9f,
	0x10db: 0x989e,
	0x10dc: 0xcd99,
	0x10dd: 0x3298,
	0x10de: 0xef9b,
	0x10df: 0xdc9a,
	0x10e0: 0x32a5,
	0x10e1: 0x45a4,
	0x10e2: 0x10a7,
	0x10e3: 0x23a6,
	0x10e4: 0x76a1,
	0x10e5: 0xbaa0,
	0x10e6: 0x54a3,
	0x10e7: 0x67a2,
	0x10e8: 0xbaad,
	0x10e9: 0xcdac,
	0x10ea: 0x98af,
	0x10eb: 0xabae,
	0x10ec: 0xfea9,
	0x10ed: 0x01a8,
	0x10ee: 0xdcab,
	0x10ef: 0xefaa,
	0x10f0: 0x23b5,
	0x10f1: 0x54b4,
	0x10f2: 0x01b7,
	0x10f3: 0x32b6,
	0x10f4: 0x67b1,
	0x10f5: 0x89b0,
	0x10f6: 0x45b3,
	0x10f7: 0x76b2,
	0x10f8: 0xabbd,
	0x10f9: 0xdcbc,
	0x10fa: 0x89bf,
	0x10fb: 0xbabe,
	0x10fc: 0xefb9,
	0x10fd: 0x10b8,
	0x10fe: 0xcdbb,
	0x10ff: 0xfeba,
	0x1100: 0x884a,
	0x1101: 0xbb4b,
	0x1102: 0x6648,
	0x1103: 0x9949,
	0x1104: 0xcc4e,
	0x1105: 0xff4f,
	0x1106: 0xaa4c,
	0x1107: 0xdd4d,
	0x1108: 0x0042,
	0x1109: 0x3343,
	0x110a: 0x1140,
	0x110b: 0x1141,
	0x110c: 0x4446,
	0x110d: 0x7747,
	0x110e: 0x2244,
	0x110f: 0x5545,
	0x1110: 0x995a,
	0x1111: 0xaa5b,
	0x1112: 0x7758,
	0x1113: 0x8859,
	0x1114: 0xdd5e,
	0x1115: 0xee5f,
	0x1116: 0xbb5c,
	0x1117: 0xcc5d,
	0x1118: 0x1152,
	0x1119: 0x2253,
	0x111a: 0xee50,
	0x111b: 0x0051,
	0x111c: 0x5556,
	0x111d: 0x6657,
	0x111e: 0x3354,
	0x111f: 0x4455,
	0x1120: 0xaa6a,
	0x1121: 0x996b,
	0x1122: 0x4468,
	0x1123: 0xbb69,
	0x1124: 0xee6e,
	0x1125: 0xdd6f,
	0x1126: 0x886c,
	0x1127: 0xff6d,
	0x1128: 0x2262,
	0x1129: 0x1163,
	0x112a: 0xff60,
	0x112b: 0x3361,
	0x112c: 0x6666,
	0x112d: 0x5567,
	0x112e: 0x0064,
	0x112f: 0x7765,
	0x1130: 0xbb7a,
	0x1131: 0x887b,
	0x1132: 0x5578,
	0x1133: 0xaa79,
	0x1134: 0xff7e,
	0x1135: 0xcc7f,
	0x1136: 0x997c,
	0x1137: 0xee7d,
	0x1138: 0x3372,
	0x1139: 0x0073,
	0x113a: 0xcc70,
	0x113b: 0x2271,
	0x113c: 0x7776,
	0x113d: 0x4477,
	0x113e: 0x1174,
	0x113f: 0x6675,
	0x1140: 0x440a,
	0x1141: 0x770b,
	0x1142: 0xaa08,
	0x1143: 0x5509,
	0x1144: 0x000e,
	0x1145: 0x330f,
	0x1146: 0x660c,
	0x1147: 0x110d,
	0x1148: 0xcc02,
	0x1149: 0xff03,
	0x114a: 0x5500,
	0x114b: 0xdd01,
	0x114c: 0x8806,
	0x114d: 0xbb07,
	0x114e: 0xee04,
	0x114f: 0x9905,
	0x1150: 0x551a,
	0x1151: 0x661b,
	0x1152: 0xbb18,
	0x1153: 0x4419,
	0x1154: 0x111e,
	0x1155: 0x221f,
	0x1156: 0x771c,
	0x1157: 0x001d,
	0x1158: 0xdd12,
	0x1159: 0xee13,
	0x115a: 0x2210,
	0x115b: 0xcc11,
	0x115c: 0x9916,
	0x115d: 0xaa17,
	0x115e: 0xff14,
	0x115f: 0x8815,
	0x1160: 0x662a,
	0x1161: 0x552b,
	0x1162: 0x8828,
	0x1163: 0x7729,
	0x1164: 0x222e,
	0x1165: 0x112f,
	0x1166: 0x442c,
	0x1167: 0x332d,
	0x1168: 0xee22,
	0x1169: 0xdd23,
	0x116a: 0x3320,
	0x116b: 0xff21,
	0x116c: 0xaa26,
	0x116d: 0x9927,
	0x116e: 0xcc24,
	0x116f: 0xbb25,
	0x1170: 0x773a,
	0x1171: 0x443b,
	0x1172: 0x9938,
	0x1173: 0x6639,
	0x1174: 0x333e,
	0x1175: 0x003f,
	0x1176: 0x553c,
	0x1177: 0x223d,
	0x1178: 0xff32,
	0x1179: 0xcc33,
	0x117a: 0x0030,
	0x117b: 0xee31,
	0x117c: 0xbb36,
	0x117d: 0x8837,
	0x117e: 0xdd34,
	0x117f: 0xaa35,
	0x1180: 0x00ca,
	0x1181: 0x33cb,
	0x1182: 0xeec8,
	0x1183: 0x11c9,
	0x1184: 0x44ce,
	0x1185: 0x77cf,
	0x1186: 0x22cc,
	0x1187: 0x55cd,
	0x1188: 0x88c2,
	0x1189: 0xbbc3,
	0x118a: 0x99c0,
	0x118b: 0x99c1,
	0x118c: 0xccc6,
	0x118d: 0xffc7,
	0x118e: 0xaac4,
	0x118f: 0xddc5,
	0x1190: 0x11da,
	0x1191: 0x22db,
	0x1192: 0xffd8,
	0x1193: 0x00d9,
	0x1194: 0x55de,
	0x1195: 0x66df,
	0x1196: 0x33dc,
	0x1197: 0x44dd,
	0x1198: 0x99d2,
	0x1199: 0xaad3,
	0x119a: 0x66d0,
	0x119b: 0x88d1,
	0x119c: 0xddd6,
	0x119d: 0xeed7,
	0x119e: 0xbbd4,
	0x119f: 0xccd5,
	0x11a0: 0x22ea,
	0x11a1: 0x11eb,
	0x11a2: 0xcce8,
	0x11a3: 0x33e9,
	0x11a4: 0x66ee,
	0x11a5: 0x55ef,
	0x11a6: 0x00ec,
	0x11a7: 0x77ed,
	0x11a8: 0xaae2,
	0x11a9: 0x99e3,
	0x11aa: 0x77e0,
	0x11ab: 0xbbe1,
	0x11ac: 0xeee6,
	0x11ad: 0xdde7,
	0x11ae: 0x88e4,
	0x11af: 0xffe5,
	0x11b0: 0x33fa,
	0x11b1: 0x00fb,
	0x11b2: 0xddf8,
	0x11b3: 0x22f9,
	0x11b4: 0x77fe,
	0x11b5: 0x44ff,
	0x11b6: 0x11fc,
	0x11b7: 0x66fd,
	0x11b8: 0xbbf2,
	0x11b9: 0x88f3,
	0x11ba: 0x44f0,
	0x11bb: 0xaaf1,
	0x11bc: 0xfff6,
	0x11bd: 0xccf7,
	0x11be: 0x99f4,
	0x11bf: 0xeef5,
	0x11c0: 0xcc8a,
	0x11c1: 0xff8b,
	0x11c2: 0x2288,
	0x11c3: 0xdd89,
	0x11c4: 0x888e,
	0x11c5: 0xbb8f,
	0x11c6: 0xee8c,
	0x11c7: 0x998d,
	0x11c8: 0x4482,
	0x11c9: 0x7783,
	0x11ca: 0xdd80,
	0x11cb: 0x5581,
	0x11cc: 0x0086,
	0x11cd: 0x3387,
	0x11ce: 0x6684,
	0x11cf: 0x1185,
	0x11d0: 0xdd9a,
	0x11d1: 0xee9b,
	0x11d2: 0x3398,
	0x11d3: 0xcc99,
	0x11d4: 0x999e,
	0x11d5: 0xaa9f,
	0x11d6: 0xff9c,
	0x11d7: 0x889d,
	0x11d8: 0x5592,
	0x11d9: 0x6693,
	0x11da: 0xaa90,
	0x11db: 0x4491,
	0x11dc: 0x1196,
	0x11dd: 0x2297,
	0x11de: 0x7794,
	0x11df: 0x0095,
	0x11e0: 0xeeaa,
	0x11e1: 0xddab,
	0x11e2: 0x00a8,
	0x11e3: 0xffa9,
	0x11e4: 0xaaae,
	0x11e5: 0x99af,
	0x11e6: 0xccac,
	0x11e7: 0xbbad,
	0x11e8: 0x66a2,
	0x11e9: 0x55a3,
	0x11ea: 0xbba0,
	0x11eb: 0x77a1,
	0x11ec: 0x22a6,
	0x11ed: 0x11a7,
	0x11ee: 0x44a4,
	0x11ef: 0x33a5,
	0x11f0: 0xffba,
	0x11f1: 0xccbb,
	0x11f2: 0x11b8,
	0x11f3: 0xeeb9,
	0x11f4: 0xbbbe,
	0x11f5: 0x88bf,
	0x11f6: 0xddbc,
	0x11f7: 0xaabd,
	0x11f8: 0x77b2,
	0x11f9: 0x44b3,
	0x11fa: 0x88b0,
	0x11fb: 0x66b1,
	0x11fc: 0x33b6,
	0x11fd: 0x00b7,
	0x11fe: 0x55b4,
	0x11ff: 0x22b5,
	0x1200: 0xfc4f,
	0x1201: 0xcf4e,
	0x1202: 0xde4d,
	0x1203: 0xa94c,
	0x1204: 0xb84b,
	0x1205: 0x8b4a,
	0x1206: 0x9a49,
	0x1207: 0x6548,
	0x1208: 0x7447,
	0x1209: 0x4746,
	0x120a: 0x5645,
	0x120b: 0x2144,
	0x120c: 0x3043,
	0x120d: 0x0342,
	0x120e: 0x1241,
	0x120f: 0x1240,
	0x1210: 0xed5f,
	0x1211: 0xde5e,
	0x1212: 0xcf5d,
	0x1213: 0xb85c,
	0x1214: 0xa95b,
	0x1215: 0x9a5a,
	0x1216: 0x8b59,
	0x1217: 0x7458,
	0x1218: 0x6557,
	0x1219: 0x5656,
	0x121a: 0x4755,
	0x121b: 0x3054,
	0x121c: 0x2153,
	0x121d: 0x1252,
	0x121e: 0x0351,
	0x121f: 0xed50,
	0x1220: 0xde6f,
	0x1221: 0xed6e,
	0x1222: 0xfc6d,
	0x1223: 0x8b6c,
	0x1224: 0x9a6b,
	0x1225: 0xa96a,
	0x1226: 0xb869,
	0x1227: 0x4768,
	0x1228: 0x5667,
	0x1229: 0x6566,
	0x122a: 0x7465,
	0x122b: 0x0364,
	0x122c: 0x1263,
	0x122d: 0x2162,
	0x122e: 0x3061,
	0x122f: 0xfc60,
	0x1230: 0xcf7f,
	0x1231: 0xfc7e,
	0x1232: 0xed7d,
	0x1233: 0x9a7c,
	0x1234: 0x8b7b,
	0x1235: 0xb87a,
	0x1236: 0xa979,
	0x1237: 0x5678,
	0x1238: 0x4777,
	0x1239: 0x7476,
	0x123a: 0x6575,
	0x123b: 0x1274,
	0x123c: 0x0373,
	0x123d: 0x3072,
	0x123e: 0x2171,
	0x123f: 0xcf70,
	0x1240: 0x300f,
	0x1241: 0x030e,
	0x1242: 0x120d,
	0x1243: 0x650c,
	0x1244: 0x740b,
	0x1245: 0x470a,
	0x1246: 0x5609,
	0x1247: 0xa908,
	0x1248: 0xb807,
	0x1249: 0x8b06,
	0x124a: 0x9a05,
	0x124b: 0xed04,
	0x124c: 0xfc03,
	0x124d: 0xcf02,
	0x124e: 0xde01,
	0x124f: 0x5600,
	0x1250: 0x211f,
	0x1251: 0x121e,
	0x1252: 0x031d,
	0x1253: 0x741c,
	0x1254: 0x651b,
	0x1255: 0x561a,
	0x1256: 0x4719,
	0x1257: 0xb818,
	0x1258: 0xa917,
	0x1259: 0x9a16,
	0x125a: 0x8b15,
	0x125b: 0xfc14,
	0x125c: 0xed13,
	0x125d: 0xde12,
	0x125e: 0xcf11,
	0x125f: 0x2110,
	0x1260: 0x122f,
	0x1261: 0x212e,
	0x1262: 0x302d,
	0x1263: 0x472c,
	0x1264: 0x562b,
	0x1265: 0x652a,
	0x1266: 0x7429,
	0x1267: 0x8b28,
	0x1268: 0x9a27,
	0x1269: 0xa926,
	0x126a: 0xb825,
	0x126b: 0xcf24,
	###### we only saved the first 2 pairs from each 256 key block, to be able to see how output bits 10 & 11 are affected by the input first byte,
	###### knowing that after xoring these bits with some other input bits the values repeat within each block.  The second pair is in case the
	###### first one happens to be the "special" key in the block.
	0x1300: 0x3154,
	0x1301: 0x4655,
	0x1400: 0x8d59,
	0x1401: 0x7258,
	0x1500: 0xd95e,
	0x1501: 0xea5f,
	0x1600: 0x1663,
	0x1601: 0x2562,
	0x1700: 0x4268,
	0x1701: 0xbd69,
	0x1800: 0xf66d,
	0x1801: 0x816c,
	0x1900: 0x3b72,
	0x1901: 0x0873,
	0x1a00: 0x4f77,
	0x1a01: 0x7c76,
	0x1b00: 0x937c,
	0x1b01: 0xe47d,
	0x1c00: 0x5881,
	0x1c01: 0xd080,
	0x1d00: 0x0c86,
	0x1d01: 0x3f87,
	0x1e00: 0xf08b,
	0x1e01: 0xc38a,
	0x1f00: 0xa490,
	0x1f01: 0x4a91,
	0x2000: 0x3195,
	0x2001: 0x4694,
	0x2100: 0xed9a,
	0x2101: 0xde9b,
	0x2200: 0x999f,
	0x2201: 0xaa9e,
	0x2300: 0x76a4,
	0x2301: 0x01a5,
	0x2400: 0xcaa9,
	0x2401: 0x35a8,
	0x2500: 0x9eae,
	0x2501: 0xadaf,
	0x2600: 0x73b3,
	0x2601: 0x40b2,
	0x2700: 0x27b8,
	0x2701: 0xd8b9,
	0x2800: 0x93bd,
	0x2801: 0xe4bc,
	0x2802: 0xb1bf,
	0x2803: 0x82be,
	0x2804: 0xd7b9,
	0x2805: 0x28b8,
	0x2806: 0xf5bb,
	0x2807: 0xc6ba,
	0x2808: 0x1bb5,
	0x2809: 0x6cb4,
	0x280a: 0x39b7,
	0x280b: 0x0ab6,
	0x280c: 0x5fb1,
	0x280d: 0xb1b0,
	0x280e: 0x7db3,
	0x280f: 0x4eb2,
	0x2810: 0x82ad,
	0x2811: 0xf5ac,
	0x2812: 0xa0af,
	0x2813: 0x93ae,
	0x2814: 0xc6a9,
	0x2815: 0x39a8,
	0x2816: 0xe4ab,
	0x2817: 0xd7aa,
	0x2818: 0x0aa5,
	0x2819: 0x7da4,
	0x281a: 0x28a7,
	0x281b: 0x1ba6,
	0x281c: 0x4ea1,
	0x281d: 0x82a0,
	0x281e: 0x6ca3,
	0x281f: 0x5fa2,
	0x2820: 0xb19d,
	0x2821: 0xc69c,
	0x2822: 0x939f,
	0x2823: 0xa09e,
	0x2824: 0xf599,
	0x2825: 0x0a98,
	0x2826: 0xd79b,
	0x2827: 0xe49a,
	0x2828: 0x3995,
	0x2829: 0x4e94,
	0x282a: 0x1b97,
	0x282b: 0x2896,
	0x282c: 0x7d91,
	0x282d: 0x9390,
	0x282e: 0x5f93,
	0x282f: 0x6c92,
	0x2830: 0xa08d,
	0x2831: 0xd78c,
	0x2832: 0x828f,
	0x2833: 0xb18e,
	0x2834: 0xe489,
	0x2835: 0x1b88,
	0x2836: 0xc68b,
	0x2837: 0xf58a,
	0x2838: 0x2885,
	0x2839: 0x5f84,
	0x283a: 0x0a87,
	0x283b: 0x3986,
	0x283c: 0x6c81,
	0x283d: 0xe480,
	0x283e: 0x4e83,
	0x283f: 0x7d82,
	0x2840: 0x5ffd,
	0x2841: 0x28fc,
	0x2842: 0x7dff,
	0x2843: 0x4efe,
	0x2844: 0x1bf9,
	0x2845: 0xe4f8,
	0x2846: 0x39fb,
	0x2847: 0x0afa,
	0x2848: 0xd7f5,
	0x2849: 0xa0f4,
	0x284a: 0xf5f7,
	0x284b: 0xc6f6,
	0x284c: 0x93f1,
	0x284d: 0x7df0,
	0x284e: 0xb1f3,
	0x284f: 0x82f2,
	0x2850: 0x4eed,
	0x2851: 0x39ec,
	0x2852: 0x6cef,
	0x2853: 0x5fee,
	0x2854: 0x0ae9,
	0x2855: 0xf5e8,
	0x2856: 0x28eb,
	0x2857: 0x1bea,
	0x2858: 0xc6e5,
	0x2859: 0xb1e4,
	0x285a: 0xe4e7,
	0x285b: 0xd7e6,
	0x285c: 0x82e1,
	0x285d: 0x4ee0,
	0x285e: 0xa0e3,
	0x285f: 0x93e2,
	0x2860: 0x7ddd,
	0x2861: 0x0adc,
	0x2862: 0x5fdf,
	0x2863: 0x6cde,
	0x2864: 0x39d9,
	0x2865: 0xc6d8,
	0x2866: 0x1bdb,
	0x2867: 0x28da,
	0x2868: 0xf5d5,
	0x2869: 0x82d4,
	0x286a: 0xd7d7,
	0x286b: 0xe4d6,
	0x286c: 0xb1d1,
	0x286d: 0x5fd0,
	0x286e: 0x93d3,
	0x286f: 0xa0d2,
	0x2870: 0x6ccd,
	0x2871: 0x1bcc,
	0x2872: 0x4ecf,
	0x2873: 0x7dce,
	0x2874: 0x28c9,
	0x2875: 0xd7c8,
	0x2876: 0x0acb,
	0x2877: 0x39ca,
	0x2878: 0xe4c5,
	0x2879: 0x93c4,
	0x287a: 0xc6c7,
	0x287b: 0xf5c6,
	0x287c: 0xa0c1,
	0x287d: 0xa0c0,
	0x287e: 0x82c3,
	0x287f: 0xb1c2,
	0x2880: 0x1b3d,
	0x2881: 0x6c3c,
	0x2882: 0x393f,
	0x2883: 0x0a3e,
	0x2884: 0x5f39,
	0x2885: 0xa038,
	0x2886: 0x7d3b,
	0x2887: 0x4e3a,
	0x2888: 0x9335,
	0x2889: 0xe434,
	0x288a: 0xb137,
	0x288b: 0x8236,
	0x288c: 0xd731,
	0x288d: 0x3930,
	0x288e: 0xf533,
	0x288f: 0xc632,
	0x2890: 0x0a2d,
	0x2891: 0x7d2c,
	0x2892: 0x282f,
	0x2893: 0x1b2e,
	0x2894: 0x4e29,
	0x2895: 0xb128,
	0x2896: 0x6c2b,
	0x2897: 0x5f2a,
	0x2898: 0x8225,
	0x2899: 0xf524,
	0x289a: 0xa027,
	0x289b: 0x9326,
	0x289c: 0xc621,
	0x289d: 0x0a20,
	0x289e: 0xe423,
	0x289f: 0xd722,
	0x28a0: 0x391d,
	0x28a1: 0x4e1c,
	0x28a2: 0x1b1f,
	0x28a3: 0x281e,
	0x28a4: 0x7d19,
	0x28a5: 0x8218,
	0x28a6: 0x5f1b,
	0x28a7: 0x6c1a,
	0x28a8: 0xb115,
	0x28a9: 0xc614,
	0x28aa: 0x9317,
	0x28ab: 0xa016,
	0x28ac: 0xf511,
	0x28ad: 0x1b10,
	0x28ae: 0xd713,
	0x28af: 0xe412,
	0x28b0: 0x280d,
	0x28b1: 0x5f0c,
	0x28b2: 0x0a0f,
	0x28b3: 0x390e,
	0x28b4: 0x6c09,
	0x28b5: 0x9308,
	0x28b6: 0x4e0b,
	0x28b7: 0x7d0a,
	0x28b8: 0xa005,
	0x28b9: 0xd704,
	0x28ba: 0x8207,
	0x28bb: 0xb106,
	0x28bc: 0xe401,
	0x28bd: 0x6c00,
	0x28be: 0xc603,
	0x28bf: 0xf502,
	0x28c0: 0xd77d,
	0x28c1: 0xa07c,
	0x28c2: 0xf57f,
	0x28c3: 0xc67e,
	0x28c4: 0x9379,
	0x28c5: 0x6c78,
	0x28c6: 0xb17b,
	0x28c7: 0x827a,
	0x28c8: 0x5f75,
	0x28c9: 0x2874,
	0x28ca: 0x7d77,
	0x28cb: 0x4e76,
	0x28cc: 0x1b71,
	0x28cd: 0xf570,
	0x28ce: 0x3973,
	0x28cf: 0x0a72,
	0x28d0: 0xc66d,
	0x28d1: 0xb16c,
	0x28d2: 0xe46f,
	0x28d3: 0xd76e,
	0x28d4: 0x8269,
	0x28d5: 0x7d68,
	0x28d6: 0xa06b,
	0x28d7: 0x936a,
	0x28d8: 0x4e65,
	0x28d9: 0x3964,
	0x28da: 0x6c67,
	0x28db: 0x5f66,
	0x28dc: 0x0a61,
	0x28dd: 0xc660,
	0x28de: 0x2863,
	0x28df: 0x1b62,
	0x28e0: 0xf55d,
	0x28e1: 0x825c,
	0x28e2: 0xd75f,
	0x28e3: 0xe45e,
	0x28e4: 0xb159,
	0x28e5: 0x4e58,
	0x28e6: 0x935b,
	0x28e7: 0xa05a,
	0x28e8: 0x7d55,
	0x28e9: 0x0a54,
	0x28ea: 0x5f57,
	0x28eb: 0x6c56,
	0x28ec: 0x3951,
	0x28ed: 0xd750,
	0x28ee: 0x1b53,
	0x28ef: 0x2852,
	0x28f0: 0xe44d,
	0x28f1: 0x934c,
	0x28f2: 0xc64f,
	0x28f3: 0xf54e,
	0x28f4: 0xa049,
	0x28f5: 0x5f48,
	0x28f6: 0x824b,
	0x28f7: 0xb14a,
	0x28f8: 0x6c45,
	0x28f9: 0x1b44,
	0x28fa: 0x4e47,
	0x28fb: 0x7d46,
	0x28fc: 0x2841,
	0x28fd: 0x2840,
	0x28fe: 0x0a43,
	0x28ff: 0x3942,
	0x2900: 0x83c3,
	0x2901: 0xb0c2,
	0x2902: 0xa1c1,
	0x2903: 0xa1c0,
	0x2904: 0xc7c7,
	0x2905: 0xf4c6,
	0x2906: 0xe5c5,
	0x2907: 0x92c4,
	0x2908: 0x0bcb,
	0x2909: 0x38ca,
	0x290a: 0x29c9,
	0x290b: 0xd6c8,
	0x290c: 0x4fcf,
	0x290d: 0x7cce,
	0x290e: 0x6dcd,
	0x290f: 0x1acc,
	0x2910: 0x92d3,
	0x2911: 0xa1d2,
	0x2912: 0xb0d1,
	0x2913: 0x5ed0,
	0x2914: 0xd6d7,
	0x2915: 0xe5d6,
	0x2916: 0xf4d5,
	0x2917: 0x83d4,
	0x2918: 0x1adb,
	0x2919: 0x29da,
	0x291a: 0x38d9,
	0x291b: 0xc7d8,
	0x291c: 0x5edf,
	0x291d: 0x6dde,
	0x291e: 0x7cdd,
	0x291f: 0x0bdc,
	0x2920: 0xa1e3,
	0x2921: 0x92e2,
	0x2922: 0x83e1,
	0x2923: 0x4fe0,
	0x2924: 0xe5e7,
	0x2925: 0xd6e6,
	0x2926: 0xc7e5,
	0x2927: 0xb0e4,
	0x2928: 0x29eb,
	0x2929: 0x1aea,
	0x292a: 0x0be9,
	0x292b: 0xf4e8,
	0x292c: 0x6def,
	0x292d: 0x5eee,
	0x292e: 0x4fed,
	0x292f: 0x38ec,
	0x2930: 0xb0f3,
	0x2931: 0x83f2,
	0x2932: 0x92f1,
	0x2933: 0x7cf0,
	0x2934: 0xf4f7,
	0x2935: 0xc7f6,
	0x2936: 0xd6f5,
	0x2937: 0xa1f4,
	0x2938: 0x38fb,
	0x2939: 0x0bfa,
	0x293a: 0x1af9,
	0x293b: 0xe5f8,
	0x293c: 0x7cff,
	0x293d: 0x4ffe,
	0x293e: 0x5efd,
	0x293f: 0x29fc,
	0x2940: 0x4f83,
	0x2941: 0x7c82,
	0x2942: 0x6d81,
	0x2943: 0xe580,
	0x2944: 0x0b87,
	0x2945: 0x3886,
	0x2946: 0x2985,
	0x2947: 0x5e84,
	0x2948: 0xc78b,
	0x2949: 0xf48a,
	0x294a: 0xe589,
	0x294b: 0x1a88,
	0x294c: 0x838f,
	0x294d: 0xb08e,
	0x294e: 0xa18d,
	0x294f: 0xd68c,
	0x2950: 0x5e93,
	0x2951: 0x6d92,
	0x2952: 0x7c91,
	0x2953: 0x9290,
	0x2954: 0x1a97,
	0x2955: 0x2996,
	0x2956: 0x3895,
	0x2957: 0x4f94,
	0x2958: 0xd69b,
	0x2959: 0xe59a,
	0x295a: 0xf499,
	0x295b: 0x0b98,
	0x295c: 0x929f,
	0x295d: 0xa19e,
	0x295e: 0xb09d,
	0x295f: 0xc79c,
	0x2960: 0x6da3,
	0x2961: 0x5ea2,
	0x2962: 0x4fa1,
	0x2963: 0x83a0,
	0x2964: 0x29a7,
	0x2965: 0x1aa6,
	0x2966: 0x0ba5,
	0x2967: 0x7ca4,
	0x2968: 0xe5ab,
	0x2969: 0xd6aa,
	0x296a: 0xc7a9,
	0x296b: 0x38a8,
	0x296c: 0xa1af,
	0x296d: 0x92ae,
	0x296e: 0x83ad,
	0x296f: 0xf4ac,
	0x2970: 0x7cb3,
	0x2971: 0x4fb2,
	0x2972: 0x5eb1,
	0x2973: 0xb0b0,
	0x2974: 0x38b7,
	0x2975: 0x0bb6,
	0x2976: 0x1ab5,
	0x2977: 0x6db4,
	0x2978: 0xf4bb,
	0x2979: 0xc7ba,
	0x297a: 0xd6b9,
	0x297b: 0x29b8,
	0x297c: 0xb0bf,
	0x297d: 0x83be,
	0x297e: 0x92bd,
	0x297f: 0xe5bc,
	0x2980: 0x0b43,
	0x2981: 0x3842,
	0x2982: 0x2941,
	0x2983: 0x2940,
	0x2984: 0x4f47,
	0x2985: 0x7c46,
	0x2986: 0x6d45,
	0x2987: 0x1a44,
	0x2988: 0x834b,
	0x2989: 0xb04a,
	0x298a: 0xa149,
	0x298b: 0x5e48,
	0x298c: 0xc74f,
	0x298d: 0xf44e,
	0x298e: 0xe54d,
	0x298f: 0x924c,
	0x2990: 0x1a53,
	0x2991: 0x2952,
	0x2992: 0x3851,
	0x2993: 0xd650,
	0x2994: 0x5e57,
	0x2995: 0x6d56,
	0x2996: 0x7c55,
	0x2997: 0x0b54,
	0x2998: 0x925b,
	0x2999: 0xa15a,
	0x299a: 0xb059,
	0x299b: 0x4f58,
	0x299c: 0xd65f,
	0x299d: 0xe55e,
	0x299e: 0xf45d,
	0x299f: 0x835c,
	0x29a0: 0x2963,
	0x29a1: 0x1a62,
	0x29a2: 0x0b61,
	0x29a3: 0xc760,
	0x29a4: 0x6d67,
	0x29a5: 0x5e66,
	0x29a6: 0x4f65,
	0x29a7: 0x3864,
	0x29a8: 0xa16b,
	0x29a9: 0x926a,
	0x29aa: 0x8369,
	0x29ab: 0x7c68,
	0x29ac: 0xe56f,
	0x29ad: 0xd66e,
	0x29ae: 0xc76d,
	0x29af: 0xb06c,
	0x29b0: 0x3873,
	0x29b1: 0x0b72,
	0x29b2: 0x1a71,
	0x29b3: 0xf470,
	0x29b4: 0x7c77,
	0x29b5: 0x4f76,
	0x29b6: 0x5e75,
	0x29b7: 0x2974,
	0x29b8: 0xb07b,
	0x29b9: 0x837a,
	0x29ba: 0x9279,
	0x29bb: 0x6d78,
	0x29bc: 0xf47f,
	0x29bd: 0xc77e,
	0x29be: 0xd67d,
	0x29bf: 0xa17c,
	0x29c0: 0xc703,
	0x29c1: 0xf402,
	0x29c2: 0xe501,
	0x29c3: 0x6d00,
	0x29c4: 0x8307,
	0x29c5: 0xb006,
	0x29c6: 0xa105,
	0x29c7: 0xd604,
	0x29c8: 0x4f0b,
	0x29c9: 0x7c0a,
	0x29ca: 0x6d09,
	0x29cb: 0x9208,
	0x29cc: 0x0b0f,
	0x29cd: 0x380e,
	0x29ce: 0x290d,
	0x29cf: 0x5e0c,
	0x29d0: 0xd613,
	0x29d1: 0xe512,
	0x29d2: 0xf411,
	0x29d3: 0x1a10,
	0x29d4: 0x9217,
	0x29d5: 0xa116,
	0x29d6: 0xb015,
	0x29d7: 0xc714,
	0x29d8: 0x5e1b,
	0x29d9: 0x6d1a,
	0x29da: 0x7c19,
	0x29db: 0x8318,
	0x29dc: 0x1a1f,
	0x29dd: 0x291e,
	0x29de: 0x381d,
	0x29df: 0x4f1c,
	0x29e0: 0xe523,
	0x29e1: 0xd622,
	0x29e2: 0xc721,
	0x29e3: 0x0b20,
	0x29e4: 0xa127,
	0x29e5: 0x9226,
	0x29e6: 0x8325,
	0x29e7: 0xf424,
	0x29e8: 0x6d2b,
	0x29e9: 0x5e2a,
	0x29ea: 0x4f29,
	0x29eb: 0xb028,
	0x29ec: 0x292f,
	0x29ed: 0x1a2e,
	0x29ee: 0x0b2d,
	0x29ef: 0x7c2c,
	0x29f0: 0xf433,
	0x29f1: 0xc732,
	0x29f2: 0xd631,
	0x29f3: 0x3830,
	0x29f4: 0xb037,
	0x29f5: 0x8336,
	0x29f6: 0x9235,
	0x29f7: 0xe534,
	0x29f8: 0x7c3b,
	0x29f9: 0x4f3a,
	0x29fa: 0x5e39,
	0x29fb: 0xa138,
	0x29fc: 0x383f,
	0x29fd: 0x0b3e,
	0x29fe: 0x1a3d,
	0x29ff: 0x6d3c,
	0x2a00: 0xd5c8,
	0x2a01: 0x2ac9,
	0x2a02: 0x3bca,
	0x2a03: 0x08cb,
	0x2a04: 0x19cc,
	0x2a05: 0x6ecd,
	0x2a06: 0x7fce,
	0x2a07: 0x4ccf,
	0x2a08: 0xa2c0,
	0x2a09: 0xa2c1,
	0x2a0a: 0xb3c2,
	0x2a0b: 0x80c3,
	0x2a0c: 0x91c4,
	0x2a0d: 0xe6c5,
	0x2a0e: 0xf7c6,
	0x2a0f: 0xc4c7,
	0x2a10: 0xc4d8,
	0x2a11: 0x3bd9,
	0x2a12: 0x2ada,
	0x2a13: 0x19db,
	0x2a14: 0x08dc,
	0x2a15: 0x7fdd,
	0x2a16: 0x6ede,
	0x2a17: 0x5ddf,
	0x2a18: 0x5dd0,
	0x2a19: 0xb3d1,
	0x2a1a: 0xa2d2,
	0x2a1b: 0x91d3,
	0x2a1c: 0x80d4,
	0x2a1d: 0xf7d5,
	0x2a1e: 0xe6d6,
	0x2a1f: 0xd5d7,
	0x2a20: 0xf7e8,
	0x2a21: 0x08e9,
	0x2a22: 0x19ea,
	0x2a23: 0x2aeb,
	0x2a24: 0x3bec,
	0x2a25: 0x4ced,
	0x2a26: 0x5dee,
	0x2a27: 0x6eef,
	0x2a28: 0x4ce0,
	0x2a29: 0x80e1,
	0x2a2a: 0x91e2,
	0x2a2b: 0xa2e3,
	0x2a2c: 0xb3e4,
	0x2a2d: 0xc4e5,
	0x2a2e: 0xd5e6,
	0x2a2f: 0xe6e7,
	0x2a30: 0xe6f8,
	0x2a31: 0x19f9,
	0x2a32: 0x08fa,
	0x2a33: 0x3bfb,
	0x2a34: 0x2afc,
	0x2a35: 0x5dfd,
	0x2a36: 0x4cfe,
	0x2a37: 0x7fff,
	0x2a38: 0x7ff0,
	0x2a39: 0x91f1,
	0x2a3a: 0x80f2,
	0x2a3b: 0xb3f3,
	0x2a3c: 0xa2f4,
	0x2a3d: 0xd5f5,
	0x2a3e: 0xc4f6,
	0x2a3f: 0xf7f7,
	0x2a40: 0x1988,
	0x2a41: 0xe689,
	0x2a42: 0xf78a,
	0x2a43: 0xc48b,
	0x2a44: 0xd58c,
	0x2a45: 0xa28d,
	0x2a46: 0xb38e,
	0x2a47: 0x808f,
	0x2a48: 0xe680,
	0x2a49: 0x6e81,
	0x2a4a: 0x7f82,
	0x2a4b: 0x4c83,
	0x2a4c: 0x5d84,
	0x2a4d: 0x2a85,
	0x2a4e: 0x3b86,
	0x2a4f: 0x0887,
	0x2a50: 0x0898,
	0x2a51: 0xf799,
	0x2a52: 0xe69a,
	0x2a53: 0xd59b,
	0x2a54: 0xc49c,
	0x2a55: 0xb39d,
	0x2a56: 0xa29e,
	0x2a57: 0x919f,
	0x2a58: 0x9190,
	0x2a59: 0x7f91,
	0x2a5a: 0x6e92,
	0x2a5b: 0x5d93,
	0x2a5c: 0x4c94,
	0x2a5d: 0x3b95,
	0x2a5e: 0x2a96,
	0x2a5f: 0x1997,
	0x2a60: 0x3ba8,
	0x2a61: 0xc4a9,
	0x2a62: 0xd5aa,
	0x2a63: 0xe6ab,
	0x2a64: 0xf7ac,
	0x2a65: 0x80ad,
	0x2a66: 0x91ae,
	0x2a67: 0xa2af,
	0x2a68: 0x80a0,
	0x2a69: 0x4ca1,
	0x2a6a: 0x5da2,
	0x2a6b: 0x6ea3,
	0x2a6c: 0x7fa4,
	0x2a6d: 0x08a5,
	0x2a6e: 0x19a6,
	0x2a6f: 0x2aa7,
	0x2a70: 0x2ab8,
	0x2a71: 0xd5b9,
	0x2a72: 0xc4ba,
	0x2a73: 0xf7bb,
	0x2a74: 0xe6bc,
	0x2a75: 0x91bd,
	0x2a76: 0x80be,
	0x2a77: 0xb3bf,
	0x2a78: 0xb3b0,
	0x2a79: 0x5db1,
	0x2a7a: 0x4cb2,
	0x2a7b: 0x7fb3,
	0x2a7c: 0x6eb4,
	0x2a7d: 0x19b5,
	0x2a7e: 0x08b6,
	0x2a7f: 0x3bb7,
	0x2a80: 0x5d48,
	0x2a81: 0xa249,
	0x2a82: 0xb34a,
	0x2a83: 0x804b,
	0x2a84: 0x914c,
	0x2a85: 0xe64d,
	0x2a86: 0xf74e,
	0x2a87: 0xc44f,
	0x2a88: 0x2a40,
	0x2a89: 0x2a41,
	0x2a8a: 0x3b42,
	0x2a8b: 0x0843,
	0x2a8c: 0x1944,
	0x2a8d: 0x6e45,
	0x2a8e: 0x7f46,
	0x2a8f: 0x4c47,
	0x2a90: 0x4c58,
	0x2a91: 0xb359,
	0x2a92: 0xa25a,
	0x2a93: 0x915b,
	0x2a94: 0x805c,
	0x2a95: 0xf75d,
	0x2a96: 0xe65e,
	0x2a97: 0xd55f,
	0x2a98: 0xd550,
	0x2a99: 0x3b51,
	0x2a9a: 0x2a52,
	0x2a9b: 0x1953,
	0x2a9c: 0x0854,
	0x2a9d: 0x7f55,
	0x2a9e: 0x6e56,
	0x2a9f: 0x5d57,
	0x2aa0: 0x7f68,
	0x2aa1: 0x8069,
	0x2aa2: 0x916a,
	0x2aa3: 0xa26b,
	0x2aa4: 0xb36c,
	0x2aa5: 0xc46d,
	0x2aa6: 0xd56e,
	0x2aa7: 0xe66f,
	0x2aa8: 0xc460,
	0x2aa9: 0x0861,
	0x2aaa: 0x1962,
	0x2aab: 0x2a63,
	0x2aac: 0x3b64,
	0x2aad: 0x4c65,
	0x2aae: 0x5d66,
	0x2aaf: 0x6e67,
	0x2ab0: 0x6e78,
	0x2ab1: 0x9179,
	0x2ab2: 0x807a,
	0x2ab3: 0xb37b,
	0x2ab4: 0xa27c,
	0x2ab5: 0xd57d,
	0x2ab6: 0xc47e,
	0x2ab7: 0xf77f,
	0x2ab8: 0xf770,
	0x2ab9: 0x1971,
	0x2aba: 0x0872,
	0x2abb: 0x3b73,
	0x2abc: 0x2a74,
	0x2abd: 0x5d75,
	0x2abe: 0x4c76,
	0x2abf: 0x7f77,
	0x2ac0: 0x9108,
	0x2ac1: 0x6e09,
	0x2ac2: 0x7f0a,
	0x2ac3: 0x4c0b,
	0x2ac4: 0x5d0c,
	0x2ac5: 0x2a0d,
	0x2ac6: 0x3b0e,
	0x2ac7: 0x080f,
	0x2ac8: 0x6e00,
	0x2ac9: 0xe601,
	0x2aca: 0xf702,
	0x2acb: 0xc403,
	0x2acc: 0xd504,
	0x2acd: 0xa205,
	0x2ace: 0xb306,
	0x2acf: 0x8007,
	0x2ad0: 0x8018,
	0x2ad1: 0x7f19,
	0x2ad2: 0x6e1a,
	0x2ad3: 0x5d1b,
	0x2ad4: 0x4c1c,
	0x2ad5: 0x3b1d,
	0x2ad6: 0x2a1e,
	0x2ad7: 0x191f,
	0x2ad8: 0x1910,
	0x2ad9: 0xf711,
	0x2ada: 0xe612,
	0x2adb: 0xd513,
	0x2adc: 0xc414,
	0x2add: 0xb315,
	0x2ade: 0xa216,
	0x2adf: 0x9117,
	0x2ae0: 0xb328,
	0x2ae1: 0x4c29,
	0x2ae2: 0x5d2a,
	0x2ae3: 0x6e2b,
	0x2ae4: 0x7f2c,
	0x2ae5: 0x082d,
	0x2ae6: 0x192e,
	0x2ae7: 0x2a2f,
	0x2ae8: 0x0820,
	0x2ae9: 0xc421,
	0x2aea: 0xd522,
	0x2aeb: 0xe623,
	0x2aec: 0xf724,
	0x2aed: 0x8025,
	0x2aee: 0x9126,
	0x2aef: 0xa227,
	0x2af0: 0xa238,
	0x2af1: 0x5d39,
	0x2af2: 0x4c3a,
	0x2af3: 0x7f3b,
	0x2af4: 0x6e3c,
	0x2af5: 0x193d,
	0x2af6: 0x083e,
	0x2af7: 0x3b3f,
	0x2af8: 0x3b30,
	0x2af9: 0xd531,
	0x2afa: 0xc432,
	0x2afb: 0xf733,
	0x2afc: 0xe634,
	0x2afd: 0x9135,
	0x2afe: 0x8036,
	0x2aff: 0xb337,
	0x2b00: 0x6fcd,
	0x2b01: 0x18cc,
	0x2b02: 0x4dcf,
	0x2b03: 0x7ece,
	0x2b04: 0x2bc9,
	0x2b05: 0xd4c8,
	0x2b06: 0x09cb,
	0x2b07: 0x3aca,
	0x2b08: 0xe7c5,
	0x2b09: 0x90c4,
	0x2b0a: 0xc5c7,
	0x2b0b: 0xf6c6,
	0x2b0c: 0xa3c1,
	0x2b0d: 0xa3c0,
	0x2b0e: 0x81c3,
	0x2b0f: 0xb2c2,
	0x2b10: 0x7edd,
	0x2b11: 0x09dc,
	0x2b12: 0x5cdf,
	0x2b13: 0x6fde,
	0x2b14: 0x3ad9,
	0x2b15: 0xc5d8,
	0x2b16: 0x18db,
	0x2b17: 0x2bda,
	0x2b18: 0xf6d5,
	0x2b19: 0x81d4,
	0x2b1a: 0xd4d7,
	0x2b1b: 0xe7d6,
	0x2b1c: 0xb2d1,
	0x2b1d: 0x5cd0,
	0x2b1e: 0x90d3,
	0x2b1f: 0xa3d2,
	0x2b20: 0x4ded,
	0x2b21: 0x3aec,
	0x2b22: 0x6fef,
	0x2b23: 0x5cee,
	0x2b24: 0x09e9,
	0x2b25: 0xf6e8,
	0x2b26: 0x2beb,
	0x2b27: 0x18ea,
	0x2b28: 0xc5e5,
	0x2b29: 0xb2e4,
	0x2b2a: 0xe7e7,
	0x2b2b: 0xd4e6,
	0x2b2c: 0x81e1,
	0x2b2d: 0x4de0,
	0x2b2e: 0xa3e3,
	0x2b2f: 0x90e2,
	0x2b30: 0x5cfd,
	0x2b31: 0x2bfc,
	0x2b32: 0x7eff,
	0x2b33: 0x4dfe,
	0x2b34: 0x18f9,
	0x2b35: 0xe7f8,
	0x2b36: 0x3afb,
	0x2b37: 0x09fa,
	0x2b38: 0xd4f5,
	0x2b39: 0xa3f4,
	0x2b3a: 0xf6f7,
	0x2b3b: 0xc5f6,
	0x2b3c: 0x90f1,
	0x2b3d: 0x7ef0,
	0x2b3e: 0xb2f3,
	0x2b3f: 0x81f2,
	0x2b40: 0xa38d,
	0x2b41: 0xd48c,
	0x2b42: 0x818f,
	0x2b43: 0xb28e,
	0x2b44: 0xe789,
	0x2b45: 0x1888,
	0x2b46: 0xc58b,
	0x2b47: 0xf68a,
	0x2b48: 0x2b85,
	0x2b49: 0x5c84,
	0x2b4a: 0x0987,
	0x2b4b: 0x3a86,
	0x2b4c: 0x6f81,
	0x2b4d: 0xe780,
	0x2b4e: 0x4d83,
	0x2b4f: 0x7e82,
	0x2b50: 0xb29d,
	0x2b51: 0xc59c,
	0x2b52: 0x909f,
	0x2b53: 0xa39e,
	0x2b54: 0xf699,
	0x2b55: 0x0998,
	0x2b56: 0xd49b,
	0x2b57: 0xe79a,
	0x2b58: 0x3a95,
	0x2b59: 0x4d94,
	0x2b5a: 0x1897,
	0x2b5b: 0x2b96,
	0x2b5c: 0x7e91,
	0x2b5d: 0x9090,
	0x2b5e: 0x5c93,
	0x2b5f: 0x6f92,
	0x2b60: 0x81ad,
	0x2b61: 0xf6ac,
	0x2b62: 0xa3af,
	0x2b63: 0x90ae,
	0x2b64: 0xc5a9,
	0x2b65: 0x3aa8,
	0x2b66: 0xe7ab,
	0x2b67: 0xd4aa,
	0x2b68: 0x09a5,
	0x2b69: 0x7ea4,
	0x2b6a: 0x2ba7,
	0x2b6b: 0x18a6,
	0x2b6c: 0x4da1,
	0x2b6d: 0x81a0,
	0x2b6e: 0x6fa3,
	0x2b6f: 0x5ca2,
	0x2b70: 0x90bd,
	0x2b71: 0xe7bc,
	0x2b72: 0xb2bf,
	0x2b73: 0x81be,
	0x2b74: 0xd4b9,
	0x2b75: 0x2bb8,
	0x2b76: 0xf6bb,
	0x2b77: 0xc5ba,
	0x2b78: 0x18b5,
	0x2b79: 0x6fb4,
	0x2b7a: 0x3ab7,
	0x2b7b: 0x09b6,
	0x2b7c: 0x5cb1,
	0x2b7d: 0xb2b0,
	0x2b7e: 0x7eb3,
	0x2b7f: 0x4db2,
	0x2b80: 0xe74d,
	0x2b81: 0x904c,
	0x2b82: 0xc54f,
	0x2b83: 0xf64e,
	0x2b84: 0xa349,
	0x2b85: 0x5c48,
	0x2b86: 0x814b,
	0x2b87: 0xb24a,
	0x2b88: 0x6f45,
	0x2b89: 0x1844,
	0x2b8a: 0x4d47,
	0x2b8b: 0x7e46,
	0x2b8c: 0x2b41,
	0x2b8d: 0x2b40,
	0x2b8e: 0x0943,
	0x2b8f: 0x3a42,
	0x2b90: 0xf65d,
	0x2b91: 0x815c,
	0x2b92: 0xd45f,
	0x2b93: 0xe75e,
	0x2b94: 0xb259,
	0x2b95: 0x4d58,
	0x2b96: 0x905b,
	0x2b97: 0xa35a,
	0x2b98: 0x7e55,
	0x2b99: 0x0954,
	0x2b9a: 0x5c57,
	0x2b9b: 0x6f56,
	0x2b9c: 0x3a51,
	0x2b9d: 0xd450,
	0x2b9e: 0x1853,
	0x2b9f: 0x2b52,
	0x2ba0: 0xc56d,
	0x2ba1: 0xb26c,
	0x2ba2: 0xe76f,
	0x2ba3: 0xd46e,
	0x2ba4: 0x8169,
	0x2ba5: 0x7e68,
	0x2ba6: 0xa36b,
	0x2ba7: 0x906a,
	0x2ba8: 0x4d65,
	0x2ba9: 0x3a64,
	0x2baa: 0x6f67,
	0x2bab: 0x5c66,
	0x2bac: 0x0961,
	0x2bad: 0xc560,
	0x2bae: 0x2b63,
	0x2baf: 0x1862,
	0x2bb0: 0xd47d,
	0x2bb1: 0xa37c,
	0x2bb2: 0xf67f,
	0x2bb3: 0xc57e,
	0x2bb4: 0x9079,
	0x2bb5: 0x6f78,
	0x2bb6: 0xb27b,
	0x2bb7: 0x817a,
	0x2bb8: 0x5c75,
	0x2bb9: 0x2b74,
	0x2bba: 0x7e77,
	0x2bbb: 0x4d76,
	0x2bbc: 0x1871,
	0x2bbd: 0xf670,
	0x2bbe: 0x3a73,
	0x2bbf: 0x0972,
	0x2bc0: 0x2b0d,
	0x2bc1: 0x5c0c,
	0x2bc2: 0x090f,
	0x2bc3: 0x3a0e,
	0x2bc4: 0x6f09,
	0x2bc5: 0x9008,
	0x2bc6: 0x4d0b,
	0x2bc7: 0x7e0a,
	0x2bc8: 0xa305,
	0x2bc9: 0xd404,
	0x2bca: 0x8107,
	0x2bcb: 0xb206,
	0x2bcc: 0xe701,
	0x2bcd: 0x6f00,
	0x2bce: 0xc503,
	0x2bcf: 0xf602,
	0x2bd0: 0x3a1d,
	0x2bd1: 0x4d1c,
	0x2bd2: 0x181f,
	0x2bd3: 0x2b1e,
	0x2bd4: 0x7e19,
	0x2bd5: 0x8118,
	0x2bd6: 0x5c1b,
	0x2bd7: 0x6f1a,
	0x2bd8: 0xb215,
	0x2bd9: 0xc514,
	0x2bda: 0x9017,
	0x2bdb: 0xa316,
	0x2bdc: 0xf611,
	0x2bdd: 0x1810,
	0x2bde: 0xd413,
	0x2bdf: 0xe712,
	0x2be0: 0x092d,
	0x2be1: 0x7e2c,
	0x2be2: 0x2b2f,
	0x2be3: 0x182e,
	0x2be4: 0x4d29,
	0x2be5: 0xb228,
	0x2be6: 0x6f2b,
	0x2be7: 0x5c2a,
	0x2be8: 0x8125,
	0x2be9: 0xf624,
	0x2bea: 0xa327,
	0x2beb: 0x9026,
	0x2bec: 0xc521,
	0x2bed: 0x0920,
	0x2bee: 0xe723,
	0x2bef: 0xd422,
	0x2bf0: 0x183d,
	0x2bf1: 0x6f3c,
	0x2bf2: 0x3a3f,
	0x2bf3: 0x093e,
	0x2bf4: 0x5c39,
	0x2bf5: 0xa338,
	0x2bf6: 0x7e3b,
	0x2bf7: 0x4d3a,
	0x2bf8: 0x9035,
	0x2bf9: 0xe734,
	0x2bfa: 0xb237,
	0x2bfb: 0x8136,
	0x2bfc: 0xd431,
	0x2bfd: 0x3a30,
	0x2bfe: 0xf633,
	0x2bff: 0xc532,
	0x2c00: 0xa4d2,
	0x2c01: 0x97d3,
	0x2c02: 0x5bd0,
	0x2c03: 0xb5d1,
	0x2c04: 0xe0d6,
	0x2c05: 0xd3d7,
	0x2c06: 0x86d4,
	0x2c07: 0xf1d5,
	0x2c08: 0x2cda,
	0x2c09: 0x1fdb,
	0x2c0a: 0xc2d8,
	0x2c0b: 0x3dd9,
	0x2c0c: 0x68de,
	0x2c0d: 0x5bdf,
	0x2c0e: 0x0edc,
	0x2c0f: 0x79dd,
	0x2c10: 0xb5c2,
	0x2c11: 0x86c3,
	0x2c12: 0xa4c0,
	0x2c13: 0xa4c1,
	0x2c14: 0xf1c6,
	0x2c15: 0xc2c7,
	0x2c16: 0x97c4,
	0x2c17: 0xe0c5,
	0x2c18: 0x3dca,
	0x2c19: 0x0ecb,
	0x2c1a: 0xd3c8,
	0x2c1b: 0x2cc9,
	0x2c1c: 0x79ce,
	0x2c1d: 0x4acf,
	0x2c1e: 0x1fcc,
	0x2c1f: 0x68cd,
	0x2c20: 0x86f2,
	0x2c21: 0xb5f3,
	0x2c22: 0x79f0,
	0x2c23: 0x97f1,
	0x2c24: 0xc2f6,
	0x2c25: 0xf1f7,
	0x2c26: 0xa4f4,
	0x2c27: 0xd3f5,
	0x2c28: 0x0efa,
	0x2c29: 0x3dfb,
	0x2c2a: 0xe0f8,
	0x2c2b: 0x1ff9,
	0x2c2c: 0x4afe,
	0x2c2d: 0x79ff,
	0x2c2e: 0x2cfc,
	0x2c2f: 0x5bfd,
	0x2c30: 0x97e2,
	0x2c31: 0xa4e3,
	0x2c32: 0x4ae0,
	0x2c33: 0x86e1,
	0x2c34: 0xd3e6,
	0x2c35: 0xe0e7,
	0x2c36: 0xb5e4,
	0x2c37: 0xc2e5,
	0x2c38: 0x1fea,
	0x2c39: 0x2ceb,
	0x2c3a: 0xf1e8,
	0x2c3b: 0x0ee9,
	0x2c3c: 0x5bee,
	0x2c3d: 0x68ef,
	0x2c3e: 0x3dec,
	0x2c3f: 0x4aed,
	0x2c40: 0x6892,
	0x2c41: 0x5b93,
	0x2c42: 0x9790,
	0x2c43: 0x7991,
	0x2c44: 0x2c96,
	0x2c45: 0x1f97,
	0x2c46: 0x4a94,
	0x2c47: 0x3d95,
	0x2c48: 0xe09a,
	0x2c49: 0xd39b,
	0x2c4a: 0x0e98,
	0x2c4b: 0xf199,
	0x2c4c: 0xa49e,
	0x2c4d: 0x979f,
	0x2c4e: 0xc29c,
	0x2c4f: 0xb59d,
	0x2c50: 0x7982,
	0x2c51: 0x4a83,
	0x2c52: 0xe080,
	0x2c53: 0x6881,
	0x2c54: 0x3d86,
	0x2c55: 0x0e87,
	0x2c56: 0x5b84,
	0x2c57: 0x2c85,
	0x2c58: 0xf18a,
	0x2c59: 0xc28b,
	0x2c5a: 0x1f88,
	0x2c5b: 0xe089,
	0x2c5c: 0xb58e,
	0x2c5d: 0x868f,
	0x2c5e: 0xd38c,
	0x2c5f: 0xa48d,
	0x2c60: 0x4ab2,
	0x2c61: 0x79b3,
	0x2c62: 0xb5b0,
	0x2c63: 0x5bb1,
	0x2c64: 0x0eb6,
	0x2c65: 0x3db7,
	0x2c66: 0x68b4,
	0x2c67: 0x1fb5,
	0x2c68: 0xc2ba,
	0x2c69: 0xf1bb,
	0x2c6a: 0x2cb8,
	0x2c6b: 0xd3b9,
	0x2c6c: 0x86be,
	0x2c6d: 0xb5bf,
	0x2c6e: 0xe0bc,
	0x2c6f: 0x97bd,
	0x2c70: 0x5ba2,
	0x2c71: 0x68a3,
	0x2c72: 0x86a0,
	0x2c73: 0x4aa1,
	0x2c74: 0x1fa6,
	0x2c75: 0x2ca7,
	0x2c76: 0x79a4,
	0x2c77: 0x0ea5,
	0x2c78: 0xd3aa,
	0x2c79: 0xe0ab,
	0x2c7a: 0x3da8,
	0x2c7b: 0xc2a9,
	0x2c7c: 0x97ae,
	0x2c7d: 0xa4af,
	0x2c7e: 0xf1ac,
	0x2c7f: 0x86ad,
	0x2c80: 0x2c52,
	0x2c81: 0x1f53,
	0x2c82: 0xd350,
	0x2c83: 0x3d51,
	0x2c84: 0x6856,
	0x2c85: 0x5b57,
	0x2c86: 0x0e54,
	0x2c87: 0x7955,
	0x2c88: 0xa45a,
	0x2c89: 0x975b,
	0x2c8a: 0x4a58,
	0x2c8b: 0xb559,
	0x2c8c: 0xe05e,
	0x2c8d: 0xd35f,
	0x2c8e: 0x865c,
	0x2c8f: 0xf15d,
	0x2c90: 0x3d42,
	0x2c91: 0x0e43,
	0x2c92: 0x2c40,
	0x2c93: 0x2c41,
	0x2c94: 0x7946,
	0x2c95: 0x4a47,
	0x2c96: 0x1f44,
	0x2c97: 0x6845,
	0x2c98: 0xb54a,
	0x2c99: 0x864b,
	0x2c9a: 0x5b48,
	0x2c9b: 0xa449,
	0x2c9c: 0xf14e,
	0x2c9d: 0xc24f,
	0x2c9e: 0x974c,
	0x2c9f: 0xe04d,
	0x2ca0: 0x0e72,
	0x2ca1: 0x3d73,
	0x2ca2: 0xf170,
	0x2ca3: 0x1f71,
	0x2ca4: 0x4a76,
	0x2ca5: 0x7977,
	0x2ca6: 0x2c74,
	0x2ca7: 0x5b75,
	0x2ca8: 0x867a,
	0x2ca9: 0xb57b,
	0x2caa: 0x6878,
	0x2cab: 0x9779,
	0x2cac: 0xc27e,
	0x2cad: 0xf17f,
	0x2cae: 0xa47c,
	0x2caf: 0xd37d,
	0x2cb0: 0x1f62,
	0x2cb1: 0x2c63,
	0x2cb2: 0xc260,
	0x2cb3: 0x0e61,
	0x2cb4: 0x5b66,
	0x2cb5: 0x6867,
	0x2cb6: 0x3d64,
	0x2cb7: 0x4a65,
	0x2cb8: 0x976a,
	0x2cb9: 0xa46b,
	0x2cba: 0x7968,
	0x2cbb: 0x8669,
	0x2cbc: 0xd36e,
	0x2cbd: 0xe06f,
	0x2cbe: 0xb56c,
	0x2cbf: 0xc26d,
	0x2cc0: 0xe012,
	0x2cc1: 0xd313,
	0x2cc2: 0x1f10,
	0x2cc3: 0xf111,
	0x2cc4: 0xa416,
	0x2cc5: 0x9717,
	0x2cc6: 0xc214,
	0x2cc7: 0xb515,
	0x2cc8: 0x681a,
	0x2cc9: 0x5b1b,
	0x2cca: 0x8618,
	0x2ccb: 0x7919,
	0x2ccc: 0x2c1e,
	0x2ccd: 0x1f1f,
	0x2cce: 0x4a1c,
	0x2ccf: 0x3d1d,
	0x2cd0: 0xf102,
	0x2cd1: 0xc203,
	0x2cd2: 0x6800,
	0x2cd3: 0xe001,
	0x2cd4: 0xb506,
	0x2cd5: 0x8607,
	0x2cd6: 0xd304,
	0x2cd7: 0xa405,
	0x2cd8: 0x790a,
	0x2cd9: 0x4a0b,
	0x2cda: 0x9708,
	0x2cdb: 0x6809,
	0x2cdc: 0x3d0e,
	0x2cdd: 0x0e0f,
	0x2cde: 0x5b0c,
	0x2cdf: 0x2c0d,
	0x2ce0: 0xc232,
	0x2ce1: 0xf133,
	0x2ce2: 0x3d30,
	0x2ce3: 0xd331,
	0x2ce4: 0x8636,
	0x2ce5: 0xb537,
	0x2ce6: 0xe034,
	0x2ce7: 0x9735,
	0x2ce8: 0x4a3a,
	0x2ce9: 0x793b,
	0x2cea: 0xa438,
	0x2ceb: 0x5b39,
	0x2cec: 0x0e3e,
	0x2ced: 0x3d3f,
	0x2cee: 0x683c,
	0x2cef: 0x1f3d,
	0x2cf0: 0xd322,
	0x2cf1: 0xe023,
	0x2cf2: 0x0e20,
	0x2cf3: 0xc221,
	0x2cf4: 0x9726,
	0x2cf5: 0xa427,
	0x2cf6: 0xf124,
	0x2cf7: 0x8625,
	0x2cf8: 0x5b2a,
	0x2cf9: 0x682b,
	0x2cfa: 0xb528,
	0x2cfb: 0x4a29,
	0x2cfc: 0x1f2e,
	0x2cfd: 0x2c2f,
	0x2cfe: 0x792c,
	0x2cff: 0x0e2d,
	0x2d00: 0xd2d7,
	0x2d01: 0xe1d6,
	0x2d02: 0xf0d5,
	0x2d03: 0x87d4,
	0x2d04: 0x96d3,
	0x2d05: 0xa5d2,
	0x2d06: 0xb4d1,
	0x2d07: 0x5ad0,
	0x2d08: 0x5adf,
	0x2d09: 0x69de,
	0x2d0a: 0x78dd,
	0x2d0b: 0x0fdc,
	0x2d0c: 0x1edb,
	0x2d0d: 0x2dda,
	0x2d0e: 0x3cd9,
	0x2d0f: 0xc3d8,
	0x2d10: 0xc3c7,
	0x2d11: 0xf0c6,
	0x2d12: 0xe1c5,
	0x2d13: 0x96c4,
	0x2d14: 0x87c3,
	0x2d15: 0xb4c2,
	0x2d16: 0xa5c1,
	0x2d17: 0xa5c0,
	0x2d18: 0x4bcf,
	0x2d19: 0x78ce,
	0x2d1a: 0x69cd,
	0x2d1b: 0x1ecc,
	0x2d1c: 0x0fcb,
	0x2d1d: 0x3cca,
	0x2d1e: 0x2dc9,
	0x2d1f: 0xd2c8,
	0x2d20: 0xf0f7,
	0x2d21: 0xc3f6,
	0x2d22: 0xd2f5,
	0x2d23: 0xa5f4,
	0x2d24: 0xb4f3,
	0x2d25: 0x87f2,
	0x2d26: 0x96f1,
	0x2d27: 0x78f0,
	0x2d28: 0x78ff,
	0x2d29: 0x4bfe,
	0x2d2a: 0x5afd,
	0x2d2b: 0x2dfc,
	0x2d2c: 0x3cfb,
	0x2d2d: 0x0ffa,
	0x2d2e: 0x1ef9,
	0x2d2f: 0xe1f8,
	0x2d30: 0xe1e7,
	0x2d31: 0xd2e6,
	0x2d32: 0xc3e5,
	0x2d33: 0xb4e4,
	0x2d34: 0xa5e3,
	0x2d35: 0x96e2,
	0x2d36: 0x87e1,
	0x2d37: 0x4be0,
	0x2d38: 0x69ef,
	0x2d39: 0x5aee,
	0x2d3a: 0x4bed,
	0x2d3b: 0x3cec,
	0x2d3c: 0x2deb,
	0x2d3d: 0x1eea,
	0x2d3e: 0x0fe9,
	0x2d3f: 0xf0e8,
	0x2d40: 0x1e97,
	0x2d41: 0x2d96,
	0x2d42: 0x3c95,
	0x2d43: 0x4b94,
	0x2d44: 0x5a93,
	0x2d45: 0x6992,
	0x2d46: 0x7891,
	0x2d47: 0x9690,
	0x2d48: 0x969f,
	0x2d49: 0xa59e,
	0x2d4a: 0xb49d,
	0x2d4b: 0xc39c,
	0x2d4c: 0xd29b,
	0x2d4d: 0xe19a,
	0x2d4e: 0xf099,
	0x2d4f: 0x0f98,
	0x2d50: 0x0f87,
	0x2d51: 0x3c86,
	0x2d52: 0x2d85,
	0x2d53: 0x5a84,
	0x2d54: 0x4b83,
	0x2d55: 0x7882,
	0x2d56: 0x6981,
	0x2d57: 0xe180,
	0x2d58: 0x878f,
	0x2d59: 0xb48e,
	0x2d5a: 0xa58d,
	0x2d5b: 0xd28c,
	0x2d5c: 0xc38b,
	0x2d5d: 0xf08a,
	0x2d5e: 0xe189,
	0x2d5f: 0x1e88,
	0x2d60: 0x3cb7,
	0x2d61: 0x0fb6,
	0x2d62: 0x1eb5,
	0x2d63: 0x69b4,
	0x2d64: 0x78b3,
	0x2d65: 0x4bb2,
	0x2d66: 0x5ab1,
	0x2d67: 0xb4b0,
	0x2d68: 0xb4bf,
	0x2d69: 0x87be,
	0x2d6a: 0x96bd,
	0x2d6b: 0xe1bc,
	0x2d6c: 0xf0bb,
	0x2d6d: 0xc3ba,
	0x2d6e: 0xd2b9,
	0x2d6f: 0x2db8,
	0x2d70: 0x2da7,
	0x2d71: 0x1ea6,
	0x2d72: 0x0fa5,
	0x2d73: 0x78a4,
	0x2d74: 0x69a3,
	0x2d75: 0x5aa2,
	0x2d76: 0x4ba1,
	0x2d77: 0x87a0,
	0x2d78: 0xa5af,
	0x2d79: 0x96ae,
	0x2d7a: 0x87ad,
	0x2d7b: 0xf0ac,
	0x2d7c: 0xe1ab,
	0x2d7d: 0xd2aa,
	0x2d7e: 0xc3a9,
	0x2d7f: 0x3ca8,
	0x2d80: 0x5a57,
	0x2d81: 0x6956,
	0x2d82: 0x7855,
	0x2d83: 0x0f54,
	0x2d84: 0x1e53,
	0x2d85: 0x2d52,
	0x2d86: 0x3c51,
	0x2d87: 0xd250,
	0x2d88: 0xd25f,
	0x2d89: 0xe15e,
	0x2d8a: 0xf05d,
	0x2d8b: 0x875c,
	0x2d8c: 0x965b,
	0x2d8d: 0xa55a,
	0x2d8e: 0xb459,
	0x2d8f: 0x4b58,
	0x2d90: 0x4b47,
	0x2d91: 0x7846,
	0x2d92: 0x6945,
	0x2d93: 0x1e44,
	0x2d94: 0x0f43,
	0x2d95: 0x3c42,
	0x2d96: 0x2d41,
	0x2d97: 0x2d40,
	0x2d98: 0xc34f,
	0x2d99: 0xf04e,
	0x2d9a: 0xe14d,
	0x2d9b: 0x964c,
	0x2d9c: 0x874b,
	0x2d9d: 0xb44a,
	0x2d9e: 0xa549,
	0x2d9f: 0x5a48,
	0x2da0: 0x7877,
	0x2da1: 0x4b76,
	0x2da2: 0x5a75,
	0x2da3: 0x2d74,
	0x2da4: 0x3c73,
	0x2da5: 0x0f72,
	0x2da6: 0x1e71,
	0x2da7: 0xf070,
	0x2da8: 0xf07f,
	0x2da9: 0xc37e,
	0x2daa: 0xd27d,
	0x2dab: 0xa57c,
	0x2dac: 0xb47b,
	0x2dad: 0x877a,
	0x2dae: 0x9679,
	0x2daf: 0x6978,
	0x2db0: 0x6967,
	0x2db1: 0x5a66,
	0x2db2: 0x4b65,
	0x2db3: 0x3c64,
	0x2db4: 0x2d63,
	0x2db5: 0x1e62,
	0x2db6: 0x0f61,
	0x2db7: 0xc360,
	0x2db8: 0xe16f,
	0x2db9: 0xd26e,
	0x2dba: 0xc36d,
	0x2dbb: 0xb46c,
	0x2dbc: 0xa56b,
	0x2dbd: 0x966a,
	0x2dbe: 0x8769,
	0x2dbf: 0x7868,
	0x2dc0: 0x9617,
	0x2dc1: 0xa516,
	0x2dc2: 0xb415,
	0x2dc3: 0xc314,
	0x2dc4: 0xd213,
	0x2dc5: 0xe112,
	0x2dc6: 0xf011,
	0x2dc7: 0x1e10,
	0x2dc8: 0x1e1f,
	0x2dc9: 0x2d1e,
	0x2dca: 0x3c1d,
	0x2dcb: 0x4b1c,
	0x2dcc: 0x5a1b,
	0x2dcd: 0x691a,
	0x2dce: 0x7819,
	0x2dcf: 0x8718,
	0x2dd0: 0x8707,
	0x2dd1: 0xb406,
	0x2dd2: 0xa505,
	0x2dd3: 0xd204,
	0x2dd4: 0xc303,
	0x2dd5: 0xf002,
	0x2dd6: 0xe101,
	0x2dd7: 0x6900,
	0x2dd8: 0x0f0f,
	0x2dd9: 0x3c0e,
	0x2dda: 0x2d0d,
	0x2ddb: 0x5a0c,
	0x2ddc: 0x4b0b,
	0x2ddd: 0x780a,
	0x2dde: 0x6909,
	0x2ddf: 0x9608,
	0x2de0: 0xb437,
	0x2de1: 0x8736,
	0x2de2: 0x9635,
	0x2de3: 0xe134,
	0x2de4: 0xf033,
	0x2de5: 0xc332,
	0x2de6: 0xd231,
	0x2de7: 0x3c30,
	0x2de8: 0x3c3f,
	0x2de9: 0x0f3e,
	0x2dea: 0x1e3d,
	0x2deb: 0x693c,
	0x2dec: 0x783b,
	0x2ded: 0x4b3a,
	0x2dee: 0x5a39,
	0x2def: 0xa538,
	0x2df0: 0xa527,
	0x2df1: 0x9626,
	0x2df2: 0x8725,
	0x2df3: 0xf024,
	0x2df4: 0xe123,
	0x2df5: 0xd222,
	0x2df6: 0xc321,
	0x2df7: 0x0f20,
	0x2df8: 0x2d2f,
	0x2df9: 0x1e2e,
	0x2dfa: 0x0f2d,
	0x2dfb: 0x782c,
	0x2dfc: 0x692b,
	0x2dfd: 0x5a2a,
	0x2dfe: 0x4b29,
	0x2dff: 0xb428,
	0x2e00: 0x0cdc,
	0x2e01: 0x7bdd,
	0x2e02: 0x6ade,
	0x2e03: 0x59df,
	0x2e04: 0xc0d8,
	0x2e05: 0x3fd9,
	0x2e06: 0x2eda,
	0x2e07: 0x1ddb,
	0x2e08: 0x84d4,
	0x2e09: 0xf3d5,
	0x2e0a: 0xe2d6,
	0x2e0b: 0xd1d7,
	0x2e0c: 0x59d0,
	0x2e0d: 0xb7d1,
	0x2e0e: 0xa6d2,
	0x2e0f: 0x95d3,
	0x2e10: 0x1dcc,
	0x2e11: 0x6acd,
	0x2e12: 0x7bce,
	0x2e13: 0x48cf,
	0x2e14: 0xd1c8,
	0x2e15: 0x2ec9,
	0x2e16: 0x3fca,
	0x2e17: 0x0ccb,
	0x2e18: 0x95c4,
	0x2e19: 0xe2c5,
	0x2e1a: 0xf3c6,
	0x2e1b: 0xc0c7,
	0x2e1c: 0xa6c0,
	0x2e1d: 0xa6c1,
	0x2e1e: 0xb7c2,
	0x2e1f: 0x84c3,
	0x2e20: 0x2efc,
	0x2e21: 0x59fd,
	0x2e22: 0x48fe,
	0x2e23: 0x7bff,
	0x2e24: 0xe2f8,
	0x2e25: 0x1df9,
	0x2e26: 0x0cfa,
	0x2e27: 0x3ffb,
	0x2e28: 0xa6f4,
	0x2e29: 0xd1f5,
	0x2e2a: 0xc0f6,
	0x2e2b: 0xf3f7,
	0x2e2c: 0x7bf0,
	0x2e2d: 0x95f1,
	0x2e2e: 0x84f2,
	0x2e2f: 0xb7f3,
	0x2e30: 0x3fec,
	0x2e31: 0x48ed,
	0x2e32: 0x59ee,
	0x2e33: 0x6aef,
	0x2e34: 0xf3e8,
	0x2e35: 0x0ce9,
	0x2e36: 0x1dea,
	0x2e37: 0x2eeb,
	0x2e38: 0xb7e4,
	0x2e39: 0xc0e5,
	0x2e3a: 0xd1e6,
	0x2e3b: 0xe2e7,
	0x2e3c: 0x48e0,
	0x2e3d: 0x84e1,
	0x2e3e: 0x95e2,
	0x2e3f: 0xa6e3,
	0x2e40: 0xc09c,
	0x2e41: 0xb79d,
	0x2e42: 0xa69e,
	0x2e43: 0x959f,
	0x2e44: 0x0c98,
	0x2e45: 0xf399,
	0x2e46: 0xe29a,
	0x2e47: 0xd19b,
	0x2e48: 0x4894,
	0x2e49: 0x3f95,
	0x2e4a: 0x2e96,
	0x2e4b: 0x1d97,
	0x2e4c: 0x9590,
	0x2e4d: 0x7b91,
	0x2e4e: 0x6a92,
	0x2e4f: 0x5993,
	0x2e50: 0xd18c,
	0x2e51: 0xa68d,
	0x2e52: 0xb78e,
	0x2e53: 0x848f,
	0x2e54: 0x1d88,
	0x2e55: 0xe289,
	0x2e56: 0xf38a,
	0x2e57: 0xc08b,
	0x2e58: 0x5984,
	0x2e59: 0x2e85,
	0x2e5a: 0x3f86,
	0x2e5b: 0x0c87,
	0x2e5c: 0xe280,
	0x2e5d: 0x6a81,
	0x2e5e: 0x7b82,
	0x2e5f: 0x4883,
	0x2e60: 0xe2bc,
	0x2e61: 0x95bd,
	0x2e62: 0x84be,
	0x2e63: 0xb7bf,
	0x2e64: 0x2eb8,
	0x2e65: 0xd1b9,
	0x2e66: 0xc0ba,
	0x2e67: 0xf3bb,
	0x2e68: 0x6ab4,
	0x2e69: 0x1db5,
	0x2e6a: 0x0cb6,
	0x2e6b: 0x3fb7,
	0x2e6c: 0xb7b0,
	0x2e6d: 0x59b1,
	0x2e6e: 0x48b2,
	0x2e6f: 0x7bb3,
	0x2e70: 0xf3ac,
	0x2e71: 0x84ad,
	0x2e72: 0x95ae,
	0x2e73: 0xa6af,
	0x2e74: 0x3fa8,
	0x2e75: 0xc0a9,
	0x2e76: 0xd1aa,
	0x2e77: 0xe2ab,
	0x2e78: 0x7ba4,
	0x2e79: 0x0ca5,
	0x2e7a: 0x1da6,
	0x2e7b: 0x2ea7,
	0x2e7c: 0x84a0,
	0x2e7d: 0x48a1,
	0x2e7e: 0x59a2,
	0x2e7f: 0x6aa3,
	0x2e80: 0x845c,
	0x2e81: 0xf35d,
	0x2e82: 0xe25e,
	0x2e83: 0xd15f,
	0x2e84: 0x4858,
	0x2e85: 0xb759,
	0x2e86: 0xa65a,
	0x2e87: 0x955b,
	0x2e88: 0x0c54,
	0x2e89: 0x7b55,
	0x2e8a: 0x6a56,
	0x2e8b: 0x5957,
	0x2e8c: 0xd150,
	0x2e8d: 0x3f51,
	0x2e8e: 0x2e52,
	0x2e8f: 0x1d53,
	0x2e90: 0x954c,
	0x2e91: 0xe24d,
	0x2e92: 0xf34e,
	0x2e93: 0xc04f,
	0x2e94: 0x5948,
	0x2e95: 0xa649,
	0x2e96: 0xb74a,
	0x2e97: 0x844b,
	0x2e98: 0x1d44,
	0x2e99: 0x6a45,
	0x2e9a: 0x7b46,
	0x2e9b: 0x4847,
	0x2e9c: 0x2e40,
	0x2e9d: 0x2e41,
	0x2e9e: 0x3f42,
	0x2e9f: 0x0c43,
	0x2ea0: 0xa67c,
	0x2ea1: 0xd17d,
	0x2ea2: 0xc07e,
	0x2ea3: 0xf37f,
	0x2ea4: 0x6a78,
	0x2ea5: 0x9579,
	0x2ea6: 0x847a,
	0x2ea7: 0xb77b,
	0x2ea8: 0x2e74,
	0x2ea9: 0x5975,
	0x2eaa: 0x4876,
	0x2eab: 0x7b77,
	0x2eac: 0xf370,
	0x2ead: 0x1d71,
	0x2eae: 0x0c72,
	0x2eaf: 0x3f73,
	0x2eb0: 0xb76c,
	0x2eb1: 0xc06d,
	0x2eb2: 0xd16e,
	0x2eb3: 0xe26f,
	0x2eb4: 0x7b68,
	0x2eb5: 0x8469,
	0x2eb6: 0x956a,
	0x2eb7: 0xa66b,
	0x2eb8: 0x3f64,
	0x2eb9: 0x4865,
	0x2eba: 0x5966,
	0x2ebb: 0x6a67,
	0x2ebc: 0xc060,
	0x2ebd: 0x0c61,
	0x2ebe: 0x1d62,
	0x2ebf: 0x2e63,
	0x2ec0: 0x481c,
	0x2ec1: 0x3f1d,
	0x2ec2: 0x2e1e,
	0x2ec3: 0x1d1f,
	0x2ec4: 0x8418,
	0x2ec5: 0x7b19,
	0x2ec6: 0x6a1a,
	0x2ec7: 0x591b,
	0x2ec8: 0xc014,
	0x2ec9: 0xb715,
	0x2eca: 0xa616,
	0x2ecb: 0x9517,
	0x2ecc: 0x1d10,
	0x2ecd: 0xf311,
	0x2ece: 0xe212,
	0x2ecf: 0xd113,
	0x2ed0: 0x590c,
	0x2ed1: 0x2e0d,
	0x2ed2: 0x3f0e,
	0x2ed3: 0x0c0f,
	0x2ed4: 0x9508,
	0x2ed5: 0x6a09,
	0x2ed6: 0x7b0a,
	0x2ed7: 0x480b,
	0x2ed8: 0xd104,
	0x2ed9: 0xa605,
	0x2eda: 0xb706,
	0x2edb: 0x8407,
	0x2edc: 0x6a00,
	0x2edd: 0xe201,
	0x2ede: 0xf302,
	0x2edf: 0xc003,
	0x2ee0: 0x6a3c,
	0x2ee1: 0x1d3d,
	0x2ee2: 0x0c3e,
	0x2ee3: 0x3f3f,
	0x2ee4: 0xa638,
	0x2ee5: 0x5939,
	0x2ee6: 0x483a,
	0x2ee7: 0x7b3b,
	0x2ee8: 0xe234,
	0x2ee9: 0x9535,
	0x2eea: 0x8436,
	0x2eeb: 0xb737,
	0x2eec: 0x3f30,
	0x2eed: 0xd131,
	0x2eee: 0xc032,
	0x2eef: 0xf333,
	0x2ef0: 0x7b2c,
	0x2ef1: 0x0c2d,
	0x2ef2: 0x1d2e,
	0x2ef3: 0x2e2f,
	0x2ef4: 0xb728,
	0x2ef5: 0x4829,
	0x2ef6: 0x592a,
	0x2ef7: 0x6a2b,
	0x2ef8: 0xf324,
	0x2ef9: 0x8425,
	0x2efa: 0x9526,
	0x2efb: 0xa627,
	0x2efc: 0x0c20,
	0x2efd: 0xc021,
	0x2efe: 0xd122,
	0x2eff: 0xe223,
	0x2f00: 0x85e1,
	0x2f01: 0x49e0,
	0x2f02: 0xa7e3,
	0x2f03: 0x94e2,
	0x2f04: 0xc1e5,
	0x2f05: 0xb6e4,
	0x2f06: 0xe3e7,
	0x2f07: 0xd0e6,
	0x2f08: 0x0de9,
	0x2f09: 0xf2e8,
	0x2f0a: 0x2feb,
	0x2f0b: 0x1cea,
	0x2f0c: 0x49ed,
	0x2f0d: 0x3eec,
	0x2f0e: 0x6bef,
	0x2f0f: 0x58ee,
	0x2f10: 0x94f1,
	0x2f11: 0x7af0,
	0x2f12: 0xb6f3,
	0x2f13: 0x85f2,
	0x2f14: 0xd0f5,
	0x2f15: 0xa7f4,
	0x2f16: 0xf2f7,
	0x2f17: 0xc1f6,
	0x2f18: 0x1cf9,
	0x2f19: 0xe3f8,
	0x2f1a: 0x3efb,
	0x2f1b: 0x0dfa,
	0x2f1c: 0x58fd,
	0x2f1d: 0x2ffc,
	0x2f1e: 0x7aff,
	0x2f1f: 0x49fe,
	0x2f20: 0xa7c1,
	0x2f21: 0xa7c0,
	0x2f22: 0x85c3,
	0x2f23: 0xb6c2,
	0x2f24: 0xe3c5,
	0x2f25: 0x94c4,
	0x2f26: 0xc1c7,
	0x2f27: 0xf2c6,
	0x2f28: 0x2fc9,
	0x2f29: 0xd0c8,
	0x2f2a: 0x0dcb,
	0x2f2b: 0x3eca,
	0x2f2c: 0x6bcd,
	0x2f2d: 0x1ccc,
	0x2f2e: 0x49cf,
	0x2f2f: 0x7ace,
	0x2f30: 0xb6d1,
	0x2f31: 0x58d0,
	0x2f32: 0x94d3,
	0x2f33: 0xa7d2,
	0x2f34: 0xf2d5,
	0x2f35: 0x85d4,
	0x2f36: 0xd0d7,
	0x2f37: 0xe3d6,
	0x2f38: 0x3ed9,
	0x2f39: 0xc1d8,
	0x2f3a: 0x1cdb,
	0x2f3b: 0x2fda,
	0x2f3c: 0x7add,
	0x2f3d: 0x0ddc,
	0x2f3e: 0x58df,
	0x2f3f: 0x6bde,
	0x2f40: 0x49a1,
	0x2f41: 0x85a0,
	0x2f42: 0x6ba3,
	0x2f43: 0x58a2,
	0x2f44: 0x0da5,
	0x2f45: 0x7aa4,
	0x2f46: 0x2fa7,
	0x2f47: 0x1ca6,
	0x2f48: 0xc1a9,
	0x2f49: 0x3ea8,
	0x2f4a: 0xe3ab,
	0x2f4b: 0xd0aa,
	0x2f4c: 0x85ad,
	0x2f4d: 0xf2ac,
	0x2f4e: 0xa7af,
	0x2f4f: 0x94ae,
	0x2f50: 0x58b1,
	0x2f51: 0xb6b0,
	0x2f52: 0x7ab3,
	0x2f53: 0x49b2,
	0x2f54: 0x1cb5,
	0x2f55: 0x6bb4,
	0x2f56: 0x3eb7,
	0x2f57: 0x0db6,
	0x2f58: 0xd0b9,
	0x2f59: 0x2fb8,
	0x2f5a: 0xf2bb,
	0x2f5b: 0xc1ba,
	0x2f5c: 0x94bd,
	0x2f5d: 0xe3bc,
	0x2f5e: 0xb6bf,
	0x2f5f: 0x85be,
	0x2f60: 0x6b81,
	0x2f61: 0xe380,
	0x2f62: 0x4983,
	0x2f63: 0x7a82,
	0x2f64: 0x2f85,
	0x2f65: 0x5884,
	0x2f66: 0x0d87,
	0x2f67: 0x3e86,
	0x2f68: 0xe389,
	0x2f69: 0x1c88,
	0x2f6a: 0xc18b,
	0x2f6b: 0xf28a,
	0x2f6c: 0xa78d,
	0x2f6d: 0xd08c,
	0x2f6e: 0x858f,
	0x2f6f: 0xb68e,
	0x2f70: 0x7a91,
	0x2f71: 0x9490,
	0x2f72: 0x5893,
	0x2f73: 0x6b92,
	0x2f74: 0x3e95,
	0x2f75: 0x4994,
	0x2f76: 0x1c97,
	0x2f77: 0x2f96,
	0x2f78: 0xf299,
	0x2f79: 0x0d98,
	0x2f7a: 0xd09b,
	0x2f7b: 0xe39a,
	0x2f7c: 0xb69d,
	0x2f7d: 0xc19c,
	0x2f7e: 0x949f,
	0x2f7f: 0xa79e,
	0x2f80: 0x0d61,
	0x2f81: 0xc160,
	0x2f82: 0x2f63,
	0x2f83: 0x1c62,
	0x2f84: 0x4965,
	0x2f85: 0x3e64,
	0x2f86: 0x6b67,
	0x2f87: 0x5866,
	0x2f88: 0x8569,
	0x2f89: 0x7a68,
	0x2f8a: 0xa76b,
	0x2f8b: 0x946a,
	0x2f8c: 0xc16d,
	0x2f8d: 0xb66c,
	0x2f8e: 0xe36f,
	0x2f8f: 0xd06e,
	0x2f90: 0x1c71,
	0x2f91: 0xf270,
	0x2f92: 0x3e73,
	0x2f93: 0x0d72,
	0x2f94: 0x5875,
	0x2f95: 0x2f74,
	0x2f96: 0x7a77,
	0x2f97: 0x4976,
	0x2f98: 0x9479,
	0x2f99: 0x6b78,
	0x2f9a: 0xb67b,
	0x2f9b: 0x857a,
	0x2f9c: 0xd07d,
	0x2f9d: 0xa77c,
	0x2f9e: 0xf27f,
	0x2f9f: 0xc17e,
	0x2fa0: 0x2f41,
	0x2fa1: 0x2f40,
	0x2fa2: 0x0d43,
	0x2fa3: 0x3e42,
	0x2fa4: 0x6b45,
	0x2fa5: 0x1c44,
	0x2fa6: 0x4947,
	0x2fa7: 0x7a46,
	0x2fa8: 0xa749,
	0x2fa9: 0x5848,
	0x2faa: 0x854b,
	0x2fab: 0xb64a,
	0x2fac: 0xe34d,
	0x2fad: 0x944c,
	0x2fae: 0xc14f,
	0x2faf: 0xf24e,
	0x2fb0: 0x3e51,
	0x2fb1: 0xd050,
	0x2fb2: 0x1c53,
	0x2fb3: 0x2f52,
	0x2fb4: 0x7a55,
	0x2fb5: 0x0d54,
	0x2fb6: 0x5857,
	0x2fb7: 0x6b56,
	0x2fb8: 0xb659,
	0x2fb9: 0x4958,
	0x2fba: 0x945b,
	0x2fbb: 0xa75a,
	0x2fbc: 0xf25d,
	0x2fbd: 0x855c,
	0x2fbe: 0xd05f,
	0x2fbf: 0xe35e,
	0x2fc0: 0xc121,
	0x2fc1: 0x0d20,
	0x2fc2: 0xe323,
	0x2fc3: 0xd022,
	0x2fc4: 0x8525,
	0x2fc5: 0xf224,
	0x2fc6: 0xa727,
	0x2fc7: 0x9426,
	0x2fc8: 0x4929,
	0x2fc9: 0xb628,
	0x2fca: 0x6b2b,
	0x2fcb: 0x582a,
	0x2fcc: 0x0d2d,
	0x2fcd: 0x7a2c,
	0x2fce: 0x2f2f,
	0x2fcf: 0x1c2e,
	0x2fd0: 0xd031,
	0x2fd1: 0x3e30,
	0x2fd2: 0xf233,
	0x2fd3: 0xc132,
	0x2fd4: 0x9435,
	0x2fd5: 0xe334,
	0x2fd6: 0xb637,
	0x2fd7: 0x8536,
	0x2fd8: 0x5839,
	0x2fd9: 0xa738,
	0x2fda: 0x7a3b,
	0x2fdb: 0x493a,
	0x2fdc: 0x1c3d,
	0x2fdd: 0x6b3c,
	0x2fde: 0x3e3f,
	0x2fdf: 0x0d3e,
	0x2fe0: 0xe301,
	0x2fe1: 0x6b00,
	0x2fe2: 0xc103,
	0x2fe3: 0xf202,
	0x2fe4: 0xa705,
	0x2fe5: 0xd004,
	0x2fe6: 0x8507,
	0x2fe7: 0xb606,
	0x2fe8: 0x6b09,
	0x2fe9: 0x9408,
	0x2fea: 0x490b,
	0x2feb: 0x7a0a,
	0x2fec: 0x2f0d,
	0x2fed: 0x580c,
	0x2fee: 0x0d0f,
	0x2fef: 0x3e0e,
	0x2ff0: 0xf211,
	0x2ff1: 0x1c10,
	0x2ff2: 0xd013,
	0x2ff3: 0xe312,
	0x2ff4: 0xb615,
	0x2ff5: 0xc114,
	0x2ff6: 0x9417,
	0x2ff7: 0xa716,
	0x2ff8: 0x7a19,
	0x2ff9: 0x8518,
	0x2ffa: 0x581b,
	0x2ffb: 0x6b1a,
	0x2ffc: 0x3e1d,
	0x2ffd: 0x491c,
	0x2ffe: 0x1c1f,
	0x2fff: 0x2f1e,
	0x3000: 0xcfe6,
	0x3001: 0xfce7,
	0x3002: 0xa9e4,
	0x3003: 0xdee5,
	0x3004: 0x8be2,
	0x3005: 0xb8e3,
	0x3006: 0x56e0,
	0x3007: 0x9ae1,
	0x3008: 0x47ee,
	0x3009: 0x74ef,
	0x300a: 0x21ec,
	0x300b: 0x56ed,
	0x300c: 0x03ea,
	0x300d: 0x30eb,
	0x300e: 0xede8,
	0x3100: 0x31eb,
	0x3101: 0x02ea,
	0x3200: 0x67f0,
	0x3201: 0x89f1,
	0x3300: 0xccf5,
	0x3301: 0xbbf4,
	0x3400: 0x16fa,
	0x3401: 0x25fb,
	0x3500: 0x60ff,
	0x3501: 0x53fe,
	0x3600: 0xc904,
	0x3601: 0xbe05,
	0x3700: 0x7309,
	0x3701: 0x8c08,
	0x3800: 0x290e,
	0x3801: 0x1a0f,
	0x3900: 0xc613,
	0x3901: 0xf512,
	0x3a00: 0x9018,
	0x3a01: 0x6f19,
	0x3b00: 0x2a1d,
	0x3b01: 0x5d1c,
	0x3c00: 0xc322,
	0x3c01: 0xf023,
	0x3d00: 0xb527,
	0x3d01: 0x8626,
	0x3e00: 0x6b2c,
	0x3e01: 0x1c2d,
	0x3f00: 0xc031,
	0x3f01: 0x2e30,
	0x4000: 0xea36,
	0x4001: 0xd937,
	0x4100: 0x143b,
	0x4101: 0x273a,
	0x4200: 0x4240,
	0x4201: 0x4241,
	0x4300: 0x0745,
	0x4301: 0x7044,
	0x4400: 0xdd4a,
	0x4401: 0xee4b,
	0x4500: 0xab4f,
	0x4501: 0x984e,
	0x4600: 0x6454,
	0x4601: 0x1355,
	0x4700: 0xde59,
	0x4701: 0x2158,
	0x4800: 0x845e,
	0x4801: 0xb75f,
	0x4900: 0x4963,
	0x4901: 0x7a62,
	0x4a00: 0x1f68,
	0x4a01: 0xe069,
	0x4b00: 0xa56d,
	0x4b01: 0xd26c,
	0x4c00: 0x6e72,
	0x4c01: 0x5d73,
	0x4d00: 0x1877,
	0x4d01: 0x2b76,
	0x4e00: 0xc67c,
	0x4e01: 0xb17d,
	0x4f00: 0x0b81,
	0x4f01: 0x8380,
	0x5000: 0x4186,
	0x5001: 0x7287,
	0x5100: 0xbf8b,
	0x5101: 0x8c8a,
	0x5200: 0xe990,
	0x5201: 0x0791,
	0x5300: 0x4295,
	0x5301: 0x3594,
	0x5400: 0x989a,
	0x5401: 0xab9b,
	0x5500: 0xee9f,
	0x5501: 0xdd9e,
	0x5600: 0x03a4,
	0x5601: 0x74a5,
	0x5700: 0xb9a9,
	0x5701: 0x46a8,
	0x5800: 0xe3ae,
	0x5801: 0xd0af,
	0x5900: 0x0cb3,
	0x5901: 0x3fb2,
	0x5a00: 0x5ab8,
	0x5a01: 0xa5b9,
	0x5b00: 0xe0bd,
	0x5b01: 0x97bc,
	0x5c00: 0xc5c2,
	0x5c01: 0xf6c3,
	0x5d00: 0xb3c7,
	0x5d01: 0x80c6,
	0x5e00: 0x6dcc,
	0x5e01: 0x1acd,
	0x5f00: 0xc6d1,
	0x5f01: 0x28d0,
	0x6000: 0xacd6,
	0x6001: 0x9fd7,
	0x6002: 0xcad4,
	0x6003: 0xbdd5,
	0x6004: 0xe8d2,
	0x6005: 0xdbd3,
	0x6006: 0x17d0,
	0x6007: 0xf9d1,
	0x6008: 0x24de,
	0x6009: 0x17df,
	0x600a: 0x42dc,
	0x600b: 0x35dd,
	0x600c: 0x60da,
	0x600d: 0x53db,
	0x600e: 0x8ed8,
	0x600f: 0x71d9,
	0x6010: 0xbdc6,
	0x6011: 0x8ec7,
	0x6012: 0xdbc4,
	0x6013: 0xacc5,
	0x6014: 0xf9c2,
	0x6015: 0xcac3,
	0x6016: 0xe8c0,
	0x6017: 0xe8c1,
	0x6018: 0x35ce,
	0x6019: 0x06cf,
	0x601a: 0x53cc,
	0x601b: 0x24cd,
	0x601c: 0x71ca,
	0x601d: 0x42cb,
	0x601e: 0x9fc8,
	0x601f: 0x60c9,
	0x6020: 0x8ef6,
	0x6021: 0xbdf7,
	0x6022: 0xe8f4,
	0x6023: 0x9ff5,
	0x6024: 0xcaf2,
	0x6025: 0xf9f3,
	0x6026: 0x35f0,
	0x6027: 0xdbf1,
	0x6028: 0x06fe,
	0x6029: 0x35ff,
	0x602a: 0x60fc,
	0x602b: 0x17fd,
	0x602c: 0x42fa,
	0x602d: 0x71fb,
	0x602e: 0xacf8,
	0x602f: 0x53f9,
	0x6030: 0x9fe6,
	0x6031: 0xace7,
	0x6032: 0xf9e4,
	0x6033: 0x8ee5,
	0x6034: 0xdbe2,
	0x6035: 0xe8e3,
	0x6036: 0x06e0,
	0x6037: 0xcae1,
	0x6038: 0x17ee,
	0x6039: 0x24ef,
	0x603a: 0x71ec,
	0x603b: 0x06ed,
	0x603c: 0x53ea,
	0x603d: 0x60eb,
	0x603e: 0xbde8,
	0x603f: 0x42e9,
	0x6040: 0x6096,
	0x6041: 0x5397,
	0x6042: 0x0694,
	0x6043: 0x7195,
	0x6044: 0x2492,
	0x6045: 0x1793,
	0x6046: 0xdb90,
	0x6047: 0x3591,
	0x6048: 0xe89e,
	0x6049: 0xdb9f,
	0x604a: 0x8e9c,
	0x604b: 0xf99d,
	0x604c: 0xac9a,
	0x604d: 0x9f9b,
	0x604e: 0x4298,
	0x604f: 0xbd99,
	0x6050: 0x7186,
	0x6051: 0x4287,
	0x6052: 0x1784,
	0x6053: 0x6085,
	0x6054: 0x3582,
	0x6055: 0x0683,
	0x6056: 0xac80,
	0x6057: 0x2481,
	0x6058: 0xf98e,
	0x6059: 0xca8f,
	0x605a: 0x9f8c,
	0x605b: 0xe88d,
	0x605c: 0xbd8a,
	0x605d: 0x8e8b,
	0x605e: 0x5388,
	0x605f: 0xac89,
	0x6060: 0x42b6,
	0x6061: 0x71b7,
	0x6062: 0x24b4,
	0x6063: 0x53b5,
	0x6064: 0x06b2,
	0x6065: 0x35b3,
	0x6066: 0xf9b0,
	0x6067: 0x17b1,
	0x6068: 0xcabe,
	0x6069: 0xf9bf,
	0x606a: 0xacbc,
	0x606b: 0xdbbd,
	0x606c: 0x8eba,
	0x606d: 0xbdbb,
	0x606e: 0x60b8,
	0x606f: 0x9fb9,
	0x6070: 0x53a6,
	0x6071: 0x60a7,
	0x6072: 0x35a4,
	0x6073: 0x42a5,
	0x6074: 0x17a2,
	0x6075: 0x24a3,
	0x6076: 0xcaa0,
	0x6077: 0x06a1,
	0x6078: 0xdbae,
	0x6079: 0xe8af,
	0x607a: 0xbdac,
	0x607b: 0xcaad,
	0x607c: 0x9faa,
	0x607d: 0xacab,
	0x607e: 0x71a8,
	0x607f: 0x8ea9,
	0x6080: 0x2456,
	0x6081: 0x1757,
	0x6082: 0x4254,
	0x6083: 0x3555,
	0x6084: 0x6052,
	0x6085: 0x5353,
	0x6086: 0x9f50,
	0x6087: 0x7151,
	0x6088: 0xac5e,
	0x6089: 0x9f5f,
	0x608a: 0xca5c,
	0x608b: 0xbd5d,
	0x608c: 0xe85a,
	0x608d: 0xdb5b,
	0x608e: 0x0658,
	0x608f: 0xf959,
	0x6090: 0x3546,
	0x6091: 0x0647,
	0x6092: 0x5344,
	0x6093: 0x2445,
	0x6094: 0x7142,
	0x6095: 0x4243,
	0x6096: 0x6040,
	0x6097: 0x6041,
	0x6098: 0xbd4e,
	0x6099: 0x8e4f,
	0x609a: 0xdb4c,
	0x609b: 0xac4d,
	0x609c: 0xf94a,
	0x609d: 0xca4b,
	0x609e: 0x1748,
	0x609f: 0xe849,
	0x60a0: 0x0676,
	0x60a1: 0x3577,
	0x60a2: 0x6074,
	0x60a3: 0x1775,
	0x60a4: 0x4272,
	0x60a5: 0x7173,
	0x60a6: 0xbd70,
	0x60a7: 0x5371,
	0x60a8: 0x8e7e,
	0x60a9: 0xbd7f,
	0x60aa: 0xe87c,
	0x60ab: 0x9f7d,
	0x60ac: 0xca7a,
	0x60ad: 0xf97b,
	0x60ae: 0x2478,
	0x60af: 0xdb79,
	0x60b0: 0x1766,
	0x60b1: 0x2467,
	0x60b2: 0x7164,
	0x60b3: 0x0665,
	0x60b4: 0x5362,
	0x60b5: 0x6063,
	0x60b6: 0x8e60,
	0x60b7: 0x4261,
	0x60b8: 0x9f6e,
	0x60b9: 0xac6f,
	0x60ba: 0xf96c,
	0x60bb: 0x8e6d,
	0x60bc: 0xdb6a,
	0x60bd: 0xe86b,
	0x60be: 0x3568,
	0x60bf: 0xca69,
	0x60c0: 0xe816,
	0x60c1: 0xdb17,
	0x60c2: 0x8e14,
	0x60c3: 0xf915,
	0x60c4: 0xac12,
	0x60c5: 0x9f13,
	0x60c6: 0x5310,
	0x60c7: 0xbd11,
	0x60c8: 0x601e,
	0x60c9: 0x531f,
	0x60ca: 0x061c,
	0x60cb: 0x711d,
	0x60cc: 0x241a,
	0x60cd: 0x171b,
	0x60ce: 0xca18,
	0x60cf: 0x3519,
	0x60d0: 0xf906,
	0x60d1: 0xca07,
	0x60d2: 0x9f04,
	0x60d3: 0xe805,
	0x60d4: 0xbd02,
	0x60d5: 0x8e03,
	0x60d6: 0x2400,
	0x60d7: 0xac01,
	0x60d8: 0x710e,
	0x60d9: 0x420f,
	0x60da: 0x170c,
	0x60db: 0x600d,
	0x60dc: 0x350a,
	0x60dd: 0x060b,
	0x60de: 0xdb08,
	0x60df: 0x2409,
	0x60e0: 0xca36,
	0x60e1: 0xf937,
	0x60e2: 0xac34,
	0x60e3: 0xdb35,
	0x60e4: 0x8e32,
	0x60e5: 0xbd33,
	0x60e6: 0x7130,
	0x60e7: 0x9f31,
	0x60e8: 0x423e,
	0x60e9: 0x713f,
	0x60ea: 0x243c,
	0x60eb: 0x533d,
	0x60ec: 0x063a,
	0x60ed: 0x353b,
	0x60ee: 0xe838,
	0x60ef: 0x1739,
	0x60f0: 0xdb26,
	0x60f1: 0xe827,
	0x60f2: 0xbd24,
	0x60f3: 0xca25,
	0x60f4: 0x9f22,
	0x60f5: 0xac23,
	0x60f6: 0x4220,
	0x60f7: 0x8e21,
	0x60f8: 0x532e,
	0x60f9: 0x602f,
	0x60fa: 0x352c,
	0x60fb: 0x422d,
	0x60fc: 0x172a,
	0x60fd: 0x242b,
	0x60fe: 0xf928,
	0x60ff: 0x0629,
	0x6100: 0x52db,
	0x6101: 0x61da,
	0x6102: 0x70d9,
	0x6103: 0x8fd8,
	0x6104: 0x16df,
	0x6105: 0x25de,
	0x6106: 0x34dd,
	0x6107: 0x43dc,
	0x6108: 0xdad3,
	0x6109: 0xe9d2,
	0x610a: 0xf8d1,
	0x610b: 0x16d0,
	0x610c: 0x9ed7,
	0x610d: 0xadd6,
	0x610e: 0xbcd5,
	0x610f: 0xcbd4,
	0x6110: 0x43cb,
	0x6111: 0x70ca,
	0x6112: 0x61c9,
	0x6113: 0x9ec8,
	0x6114: 0x07cf,
	0x6115: 0x34ce,
	0x6116: 0x25cd,
	0x6117: 0x52cc,
	0x6118: 0xcbc3,
	0x6119: 0xf8c2,
	0x611a: 0xe9c1,
	0x611b: 0xe9c0,
	0x611c: 0x8fc7,
	0x611d: 0xbcc6,
	0x611e: 0xadc5,
	0x611f: 0xdac4,
	0x6120: 0x70fb,
	0x6121: 0x43fa,
	0x6122: 0x52f9,
	0x6123: 0xadf8,
	0x6124: 0x34ff,
	0x6125: 0x07fe,
	0x6126: 0x16fd,
	0x6127: 0x61fc,
	0x6128: 0xf8f3,
	0x6129: 0xcbf2,
	0x612a: 0xdaf1,
	0x612b: 0x34f0,
	0x612c: 0xbcf7,
	0x612d: 0x8ff6,
	0x612e: 0x9ef5,
	0x612f: 0xe9f4,
	0x6130: 0x61eb,
	0x6131: 0x52ea,
	0x6132: 0x43e9,
	0x6133: 0xbce8,
	0x6134: 0x25ef,
	0x6135: 0x16ee,
	0x6136: 0x07ed,
	0x6137: 0x70ec,
	0x6138: 0xe9e3,
	0x6139: 0xdae2,
	0x613a: 0xcbe1,
	0x613b: 0x07e0,
	0x613c: 0xade7,
	0x613d: 0x9ee6,
	0x613e: 0x8fe5,
	0x613f: 0xf8e4,
	0x6140: 0x9e9b,
	0x6141: 0xad9a,
	0x6142: 0xbc99,
	0x6143: 0x4398,
	0x6144: 0xda9f,
	0x6145: 0xe99e,
	0x6146: 0xf89d,
	0x6147: 0x8f9c,
	0x6148: 0x1693,
	0x6149: 0x2592,
	0x614a: 0x3491,
	0x614b: 0xda90,
	0x614c: 0x5297,
	0x614d: 0x6196,
	0x614e: 0x7095,
	0x614f: 0x0794,
	0x6150: 0x8f8b,
	0x6151: 0xbc8a,
	0x6152: 0xad89,
	0x6153: 0x5288,
	0x6154: 0xcb8f,
	0x6155: 0xf88e,
	0x6156: 0xe98d,
	0x6157: 0x9e8c,
	0x6158: 0x0783,
	0x6159: 0x3482,
	0x615a: 0x2581,
	0x615b: 0xad80,
	0x615c: 0x4387,
	0x615d: 0x7086,
	0x615e: 0x6185,
	0x615f: 0x1684,
	0x6160: 0xbcbb,
	0x6161: 0x8fba,
	0x6162: 0x9eb9,
	0x6163: 0x61b8,
	0x6164: 0xf8bf,
	0x6165: 0xcbbe,
	0x6166: 0xdabd,
	0x6167: 0xadbc,
	0x6168: 0x34b3,
	0x6169: 0x07b2,
	0x616a: 0x16b1,
	0x616b: 0xf8b0,
	0x616c: 0x70b7,
	0x616d: 0x43b6,
	0x616e: 0x52b5,
	0x616f: 0x25b4,
	0x6170: 0xadab,
	0x6171: 0x9eaa,
	0x6172: 0x8fa9,
	0x6173: 0x70a8,
	0x6174: 0xe9af,
	0x6175: 0xdaae,
	0x6176: 0xcbad,
	0x6177: 0xbcac,
	0x6178: 0x25a3,
	0x6179: 0x16a2,
	0x617a: 0x07a1,
	0x617b: 0xcba0,
	0x617c: 0x61a7,
	0x617d: 0x52a6,
	0x617e: 0x43a5,
	0x617f: 0x34a4,
	0x6180: 0xda5b,
	0x6181: 0xe95a,
	0x6182: 0xf859,
	0x6183: 0x0758,
	0x6184: 0x9e5f,
	0x6185: 0xad5e,
	0x6186: 0xbc5d,
	0x6187: 0xcb5c,
	0x6188: 0x5253,
	0x6189: 0x6152,
	0x618a: 0x7051,
	0x618b: 0x9e50,
	0x618c: 0x1657,
	0x618d: 0x2556,
	0x618e: 0x3455,
	0x618f: 0x4354,
	0x6190: 0xcb4b,
	0x6191: 0xf84a,
	0x6192: 0xe949,
	0x6193: 0x1648,
	0x6194: 0x8f4f,
	0x6195: 0xbc4e,
	0x6196: 0xad4d,
	0x6197: 0xda4c,
	0x6198: 0x4343,
	0x6199: 0x7042,
	0x619a: 0x6141,
	0x619b: 0x6140,
	0x619c: 0x0747,
	0x619d: 0x3446,
	0x619e: 0x2545,
	0x619f: 0x5244,
	0x61a0: 0xf87b,
	0x61a1: 0xcb7a,
	0x61a2: 0xda79,
	0x61a3: 0x2578,
	0x61a4: 0xbc7f,
	0x61a5: 0x8f7e,
	0x61a6: 0x9e7d,
	0x61a7: 0xe97c,
	0x61a8: 0x7073,
	0x61a9: 0x4372,
	0x61aa: 0x5271,
	0x61ab: 0xbc70,
	0x61ac: 0x3477,
	0x61ad: 0x0776,
	0x61ae: 0x1675,
	0x61af: 0x6174,
	0x61b0: 0xe96b,
	0x61b1: 0xda6a,
	0x61b2: 0xcb69,
	0x61b3: 0x3468,
	0x61b4: 0xad6f,
	0x61b5: 0x9e6e,
	0x61b6: 0x8f6d,
	0x61b7: 0xf86c,
	0x61b8: 0x6163,
	0x61b9: 0x5262,
	0x61ba: 0x4361,
	0x61bb: 0x8f60,
	0x61bc: 0x2567,
	0x61bd: 0x1666,
	0x61be: 0x0765,
	0x61bf: 0x7064,
	0x61c0: 0x161b,
	0x61c1: 0x251a,
	0x61c2: 0x3419,
	0x61c3: 0xcb18,
	0x61c4: 0x521f,
	0x61c5: 0x611e,
	0x61c6: 0x701d,
	0x61c7: 0x071c,
	0x61c8: 0x9e13,
	0x61c9: 0xad12,
	0x61ca: 0xbc11,
	0x61cb: 0x5210,
	0x61cc: 0xda17,
	0x61cd: 0xe916,
	0x61ce: 0xf815,
	0x61cf: 0x8f14,
	0x61d0: 0x070b,
	0x61d1: 0x340a,
	0x61d2: 0x2509,
	0x61d3: 0xda08,
	0x61d4: 0x430f,
	0x61d5: 0x700e,
	0x61d6: 0x610d,
	0x61d7: 0x160c,
	0x61d8: 0x8f03,
	0x61d9: 0xbc02,
	0x61da: 0xad01,
	0x61db: 0x2500,
	0x61dc: 0xcb07,
	0x61dd: 0xf806,
	0x61de: 0xe905,
	0x61df: 0x9e04,
	0x61e0: 0x343b,
	0x61e1: 0x073a,
	0x61e2: 0x1639,
	0x61e3: 0xe938,
	0x61e4: 0x703f,
	0x61e5: 0x433e,
	0x61e6: 0x523d,
	0x61e7: 0x253c,
	0x61e8: 0xbc33,
	0x61e9: 0x8f32,
	0x61ea: 0x9e31,
	0x61eb: 0x7030,
	0x61ec: 0xf837,
	0x61ed: 0xcb36,
	0x61ee: 0xda35,
	0x61ef: 0xad34,
	0x61f0: 0x252b,
	0x61f1: 0x162a,
	0x61f2: 0x0729,
	0x61f3: 0xf828,
	0x61f4: 0x612f,
	0x61f5: 0x522e,
	0x61f6: 0x432d,
	0x61f7: 0x342c,
	0x61f8: 0xad23,
	0x61f9: 0x9e22,
	0x61fa: 0x8f21,
	0x61fb: 0x4320,
	0x61fc: 0xe927,
	0x61fd: 0xda26,
	0x61fe: 0xcb25,
	0x61ff: 0xbc24,
	0x6200: 0x04e0,
	0x6201: 0xc8e1,
	0x6202: 0xd9e2,
	0x6203: 0xeae3,
	0x6204: 0xfbe4,
	0x6205: 0x8ce5,
	0x6206: 0x9de6,
	0x6207: 0xaee7,
	0x6208: 0xbfe8,
	0x6209: 0x40e9,
	0x620a: 0x51ea,
	0x620b: 0x62eb,
	0x620c: 0x73ec,
	0x620d: 0x04ed,
	0x620e: 0x15ee,
	0x620f: 0x26ef,
	0x6210: 0x37f0,
	0x6211: 0xd9f1,
	0x6212: 0xc8f2,
	0x6213: 0xfbf3,
	0x6214: 0xeaf4,
	0x6215: 0x9df5,
	0x6216: 0x8cf6,
	0x6217: 0xbff7,
	0x6218: 0xaef8,
	0x6219: 0x51f9,
	0x621a: 0x40fa,
	0x621b: 0x73fb,
	0x621c: 0x62fc,
	0x621d: 0x15fd,
	0x621e: 0x04fe,
	0x621f: 0x37ff,
	0x6220: 0xeac0,
	0x6221: 0xeac1,
	0x6222: 0xfbc2,
	0x6223: 0xc8c3,
	0x6224: 0xd9c4,
	0x6225: 0xaec5,
	0x6226: 0xbfc6,
	0x6227: 0x8cc7,
	0x6228: 0x9dc8,
	0x6229: 0x62c9,
	0x622a: 0x73ca,
	0x622b: 0x40cb,
	0x622c: 0x51cc,
	0x622d: 0x26cd,
	0x622e: 0x37ce,
	0x622f: 0x04cf,
	0x6230: 0x15d0,
	0x6231: 0xfbd1,
	0x6232: 0xead2,
	0x6233: 0xd9d3,
	0x6234: 0xc8d4,
	0x6235: 0xbfd5,
	0x6236: 0xaed6,
	0x6237: 0x9dd7,
	0x6238: 0x8cd8,
	0x6239: 0x73d9,
	0x623a: 0x62da,
	0x623b: 0x51db,
	0x623c: 0x40dc,
	0x623d: 0x37dd,
	0x623e: 0x26de,
	0x623f: 0x15df,
	0x6240: 0xc8a0,
	0x6241: 0x04a1,
	0x6242: 0x15a2,
	0x6243: 0x26a3,
	0x6244: 0x37a4,
	0x6245: 0x40a5,
	0x6246: 0x51a6,
	0x6247: 0x62a7,
	0x6248: 0x73a8,
	0x6249: 0x8ca9,
	0x624a: 0x9daa,
	0x624b: 0xaeab,
	0x624c: 0xbfac,
	0x6300: 0x8de5,
	0x6301: 0xfae4,
	0x6400: 0x57ea,
	0x6401: 0x64eb,
	0x6500: 0x21ef,
	0x6501: 0x12ee,
	0x6600: 0xeef4,
	0x6601: 0x99f5,
	0x6700: 0x54f9,
	0x6701: 0xabf8,
	0x6800: 0x0efe,
	0x6801: 0x3dff,
	0x6802: 0x68fc,
	0x6803: 0x1ffd,
	0x6804: 0x4afa,
	0x6805: 0x79fb,
	0x6806: 0xa4f8,
	0x6807: 0x5bf9,
	0x6808: 0x86f6,
	0x6809: 0xb5f7,
	0x680a: 0xe0f4,
	0x680b: 0x97f5,
	0x680c: 0xc2f2,
	0x680d: 0xf1f3,
	0x680e: 0x3df0,
	0x680f: 0xd3f1,
	0x6810: 0x1fee,
	0x6811: 0x2cef,
	0x6812: 0x79ec,
	0x6813: 0x0eed,
	0x6814: 0x5bea,
	0x6815: 0x68eb,
	0x6816: 0xb5e8,
	0x6817: 0x4ae9,
	0x6818: 0x97e6,
	0x6819: 0xa4e7,
	0x681a: 0xf1e4,
	0x681b: 0x86e5,
	0x681c: 0xd3e2,
	0x681d: 0xe0e3,
	0x681e: 0x0ee0,
	0x681f: 0xc2e1,
	0x6820: 0x2cde,
	0x6821: 0x1fdf,
	0x6822: 0x4adc,
	0x6823: 0x3ddd,
	0x6824: 0x68da,
	0x6825: 0x5bdb,
	0x6826: 0x86d8,
	0x6827: 0x79d9,
	0x6828: 0xa4d6,
	0x6829: 0x97d7,
	0x682a: 0xc2d4,
	0x682b: 0xb5d5,
	0x682c: 0xe0d2,
	0x682d: 0xd3d3,
	0x682e: 0x1fd0,
	0x682f: 0xf1d1,
	0x6830: 0x3dce,
	0x6831: 0x0ecf,
	0x6832: 0x5bcc,
	0x6833: 0x2ccd,
	0x6834: 0x79ca,
	0x6835: 0x4acb,
	0x6836: 0x97c8,
	0x6837: 0x68c9,
	0x6838: 0xb5c6,
	0x6839: 0x86c7,
	0x683a: 0xd3c4,
	0x683b: 0xa4c5,
	0x683c: 0xf1c2,
	0x683d: 0xc2c3,
	0x683e: 0xe0c0,
	0x683f: 0xe0c1,
	0x6840: 0xc2be,
	0x6841: 0xf1bf,
	0x6842: 0xa4bc,
	0x6843: 0xd3bd,
	0x6844: 0x86ba,
	0x6845: 0xb5bb,
	0x6846: 0x68b8,
	0x6847: 0x97b9,
	0x6848: 0x4ab6,
	0x6849: 0x79b7,
	0x684a: 0x2cb4,
	0x684b: 0x5bb5,
	0x684c: 0x0eb2,
	0x684d: 0x3db3,
	0x684e: 0xf1b0,
	0x684f: 0x1fb1,
	0x6850: 0xd3ae,
	0x6851: 0xe0af,
	0x6852: 0xb5ac,
	0x6853: 0xc2ad,
	0x6854: 0x97aa,
	0x6855: 0xa4ab,
	0x6856: 0x79a8,
	0x6857: 0x86a9,
	0x6858: 0x5ba6,
	0x6859: 0x68a7,
	0x685a: 0x3da4,
	0x685b: 0x4aa5,
	0x685c: 0x1fa2,
	0x685d: 0x2ca3,
	0x685e: 0xc2a0,
	0x685f: 0x0ea1,
	0x6860: 0xe09e,
	0x6861: 0xd39f,
	0x6862: 0x869c,
	0x6863: 0xf19d,
	0x6864: 0xa49a,
	0x6865: 0x979b,
	0x6866: 0x4a98,
	0x6867: 0xb599,
	0x6868: 0x6896,
	0x6869: 0x5b97,
	0x686a: 0x0e94,
	0x686b: 0x7995,
	0x686c: 0x2c92,
	0x686d: 0x1f93,
	0x686e: 0xd390,
	0x686f: 0x3d91,
	0x6870: 0xf18e,
	0x6871: 0xc28f,
	0x6872: 0x978c,
	0x6873: 0xe08d,
	0x6874: 0xb58a,
	0x6875: 0x868b,
	0x6876: 0x5b88,
	0x6877: 0xa489,
	0x6878: 0x7986,
	0x6879: 0x4a87,
	0x687a: 0x1f84,
	0x687b: 0x6885,
	0x687c: 0x3d82,
	0x687d: 0x0e83,
	0x687e: 0xa480,
	0x687f: 0x2c81,
	0x6880: 0x867e,
	0x6881: 0xb57f,
	0x6882: 0xe07c,
	0x6883: 0x977d,
	0x6884: 0xc27a,
	0x6885: 0xf17b,
	0x6886: 0x2c78,
	0x6887: 0xd379,
	0x6888: 0x0e76,
	0x6889: 0x3d77,
	0x688a: 0x6874,
	0x688b: 0x1f75,
	0x688c: 0x4a72,
	0x688d: 0x7973,
	0x688e: 0xb570,
	0x688f: 0x5b71,
	0x6890: 0x976e,
	0x6891: 0xa46f,
	0x6892: 0xf16c,
	0x6893: 0x866d,
	0x6894: 0xd36a,
	0x6895: 0xe06b,
	0x6896: 0x3d68,
	0x6897: 0xc269,
	0x6898: 0x1f66,
	0x6899: 0x2c67,
	0x689a: 0x7964,
	0x689b: 0x0e65,
	0x689c: 0x5b62,
	0x689d: 0x6863,
	0x689e: 0x8660,
	0x689f: 0x4a61,
	0x68a0: 0xa45e,
	0x68a1: 0x975f,
	0x68a2: 0xc25c,
	0x68a3: 0xb55d,
	0x68a4: 0xe05a,
	0x68a5: 0xd35b,
	0x68a6: 0x0e58,
	0x68a7: 0xf159,
	0x68a8: 0x2c56,
	0x68a9: 0x1f57,
	0x68aa: 0x4a54,
	0x68ab: 0x3d55,
	0x68ac: 0x6852,
	0x68ad: 0x5b53,
	0x68ae: 0x9750,
	0x68af: 0x7951,
	0x68b0: 0xb54e,
	0x68b1: 0x864f,
	0x68b2: 0xd34c,
	0x68b3: 0xa44d,
	0x68b4: 0xf14a,
	0x68b5: 0xc24b,
	0x68b6: 0x1f48,
	0x68b7: 0xe049,
	0x68b8: 0x3d46,
	0x68b9: 0x0e47,
	0x68ba: 0x5b44,
	0x68bb: 0x2c45,
	0x68bc: 0x7942,
	0x68bd: 0x4a43,
	0x68be: 0x6840,
	0x68bf: 0x6841,
	0x68c0: 0x4a3e,
	0x68c1: 0x793f,
	0x68c2: 0x2c3c,
	0x68c3: 0x5b3d,
	0x68c4: 0x0e3a,
	0x68c5: 0x3d3b,
	0x68c6: 0xe038,
	0x68c7: 0x1f39,
	0x68c8: 0xc236,
	0x68c9: 0xf137,
	0x68ca: 0xa434,
	0x68cb: 0xd335,
	0x68cc: 0x8632,
	0x68cd: 0xb533,
	0x68ce: 0x7930,
	0x68cf: 0x9731,
	0x68d0: 0x5b2e,
	0x68d1: 0x682f,
	0x68d2: 0x3d2c,
	0x68d3: 0x4a2d,
	0x68d4: 0x1f2a,
	0x68d5: 0x2c2b,
	0x68d6: 0xf128,
	0x68d7: 0x0e29,
	0x68d8: 0xd326,
	0x68d9: 0xe027,
	0x68da: 0xb524,
	0x68db: 0xc225,
	0x68dc: 0x9722,
	0x68dd: 0xa423,
	0x68de: 0x4a20,
	0x68df: 0x8621,
	0x68e0: 0x681e,
	0x68e1: 0x5b1f,
	0x68e2: 0x0e1c,
	0x68e3: 0x791d,
	0x68e4: 0x2c1a,
	0x68e5: 0x1f1b,
	0x68e6: 0xc218,
	0x68e7: 0x3d19,
	0x68e8: 0xe016,
	0x68e9: 0xd317,
	0x68ea: 0x8614,
	0x68eb: 0xf115,
	0x68ec: 0xa412,
	0x68ed: 0x9713,
	0x68ee: 0x5b10,
	0x68ef: 0xb511,
	0x68f0: 0x790e,
	0x68f1: 0x4a0f,
	0x68f2: 0x1f0c,
	0x68f3: 0x680d,
	0x68f4: 0x3d0a,
	0x68f5: 0x0e0b,
	0x68f6: 0xd308,
	0x68f7: 0x2c09,
	0x68f8: 0xf106,
	0x68f9: 0xc207,
	0x68fa: 0x9704,
	0x68fb: 0xe005,
	0x68fc: 0xb502,
	0x68fd: 0x8603,
	0x68fe: 0x2c00,
	0x68ff: 0xa401,
	0x6900: 0x2d00,
	0x6901: 0xa501,
	0x6902: 0xb402,
	0x6903: 0x8703,
	0x6904: 0x9604,
	0x6905: 0xe105,
	0x6906: 0xf006,
	0x6907: 0xc307,
	0x6908: 0xd208,
	0x6909: 0x2d09,
	0x690a: 0x3c0a,
	0x690b: 0x0f0b,
	0x690c: 0x1e0c,
	0x690d: 0x690d,
	0x690e: 0x780e,
	0x690f: 0x4b0f,
	0x6910: 0x5a10,
	0x6911: 0xb411,
	0x6912: 0xa512,
	0x6913: 0x9613,
	0x6914: 0x8714,
	0x6915: 0xf015,
	0x6916: 0xe116,
	0x6917: 0xd217,
	0x6918: 0xc318,
	0x6919: 0x3c19,
	0x691a: 0x2d1a,
	0x691b: 0x1e1b,
	0x691c: 0x0f1c,
	0x691d: 0x781d,
	0x691e: 0x691e,
	0x691f: 0x5a1f,
	0x6920: 0x4b20,
	0x6921: 0x8721,
	0x6922: 0x9622,
	0x6923: 0xa523,
	0x6924: 0xb424,
	0x6925: 0xc325,
	0x6926: 0xd226,
	0x6927: 0xe127,
	0x6928: 0xf028,
	0x6929: 0x0f29,
	0x692a: 0x1e2a,
	0x692b: 0x2d2b,
	0x692c: 0x3c2c,
	0x692d: 0x4b2d,
	0x692e: 0x5a2e,
	0x692f: 0x692f,
	0x6930: 0x7830,
	0x6931: 0x9631,
	0x6932: 0x8732,
	0x6933: 0xb433,
	0x6934: 0xa534,
	0x6935: 0xd235,
	0x6936: 0xc336,
	0x6937: 0xf037,
	0x6938: 0xe138,
	0x6939: 0x1e39,
	0x693a: 0x0f3a,
	0x693b: 0x3c3b,
	0x693c: 0x2d3c,
	0x693d: 0x5a3d,
	0x693e: 0x4b3e,
	0x693f: 0x783f,
	0x6940: 0x6940,
	0x6941: 0x6941,
	0x6942: 0x7842,
	0x6943: 0x4b43,
	0x6944: 0x5a44,
	0x6945: 0x2d45,
	0x6946: 0x3c46,
	0x6947: 0x0f47,
	0x6948: 0x1e48,
	0x6949: 0xe149,
	0x694a: 0xf04a,
	0x694b: 0xc34b,
	0x694c: 0xd24c,
	0x694d: 0xa54d,
	0x694e: 0xb44e,
	0x694f: 0x874f,
	0x6950: 0x9650,
	0x6951: 0x7851,
	0x6952: 0x6952,
	0x6953: 0x5a53,
	0x6954: 0x4b54,
	0x6955: 0x3c55,
	0x6956: 0x2d56,
	0x6957: 0x1e57,
	0x6958: 0x0f58,
	0x6959: 0xf059,
	0x695a: 0xe15a,
	0x695b: 0xd25b,
	0x695c: 0xc35c,
	0x695d: 0xb45d,
	0x695e: 0xa55e,
	0x695f: 0x965f,
	0x6960: 0x8760,
	0x6961: 0x4b61,
	0x6962: 0x5a62,
	0x6963: 0x6963,
	0x6964: 0x7864,
	0x6965: 0x0f65,
	0x6966: 0x1e66,
	0x6967: 0x2d67,
	0x6968: 0x3c68,
	0x6969: 0xc369,
	0x696a: 0xd26a,
	0x696b: 0xe16b,
	0x696c: 0xf06c,
	0x696d: 0x876d,
	0x696e: 0x966e,
	0x696f: 0xa56f,
	0x6970: 0xb470,
	0x6971: 0x5a71,
	0x6972: 0x4b72,
	0x6973: 0x7873,
	0x6974: 0x6974,
	0x6975: 0x1e75,
	0x6976: 0x0f76,
	0x6977: 0x3c77,
	0x6978: 0x2d78,
	0x6979: 0xd279,
	0x697a: 0xc37a,
	0x697b: 0xf07b,
	0x697c: 0xe17c,
	0x697d: 0x967d,
	0x697e: 0x877e,
	0x697f: 0xb47f,
	0x6980: 0xa580,
	0x6981: 0x2d81,
	0x6982: 0x3c82,
	0x6983: 0x0f83,
	0x6984: 0x1e84,
	0x6985: 0x6985,
	0x6986: 0x7886,
	0x6987: 0x4b87,
	0x6988: 0x5a88,
	0x6989: 0xa589,
	0x698a: 0xb48a,
	0x698b: 0x878b,
	0x698c: 0x968c,
	0x698d: 0xe18d,
	0x698e: 0xf08e,
	0x698f: 0xc38f,
	0x6990: 0xd290,
	0x6991: 0x3c91,
	0x6992: 0x2d92,
	0x6993: 0x1e93,
	0x6994: 0x0f94,
	0x6995: 0x7895,
	0x6996: 0x6996,
	0x6997: 0x5a97,
	0x6998: 0x4b98,
	0x6999: 0xb499,
	0x699a: 0xa59a,
	0x699b: 0x969b,
	0x699c: 0x879c,
	0x699d: 0xf09d,
	0x699e: 0xe19e,
	0x699f: 0xd29f,
	0x69a0: 0xc3a0,
	0x69a1: 0x0fa1,
	0x69a2: 0x1ea2,
	0x69a3: 0x2da3,
	0x69a4: 0x3ca4,
	0x69a5: 0x4ba5,
	0x69a6: 0x5aa6,
	0x69a7: 0x69a7,
	0x69a8: 0x78a8,
	0x69a9: 0x87a9,
	0x69aa: 0x96aa,
	0x69ab: 0xa5ab,
	0x69ac: 0xb4ac,
	0x69ad: 0xc3ad,
	0x69ae: 0xd2ae,
	0x69af: 0xe1af,
	0x69b0: 0xf0b0,
	0x69b1: 0x1eb1,
	0x69b2: 0x0fb2,
	0x69b3: 0x3cb3,
	0x69b4: 0x2db4,
	0x69b5: 0x5ab5,
	0x69b6: 0x4bb6,
	0x69b7: 0x78b7,
	0x69b8: 0x69b8,
	0x69b9: 0x96b9,
	0x69ba: 0x87ba,
	0x69bb: 0xb4bb,
	0x69bc: 0xa5bc,
	0x69bd: 0xd2bd,
	0x69be: 0xc3be,
	0x69bf: 0xf0bf,
	0x69c0: 0xe1c0,
	0x69c1: 0xe1c1,
	0x69c2: 0xf0c2,
	0x69c3: 0xc3c3,
	0x69c4: 0xd2c4,
	0x69c5: 0xa5c5,
	0x69c6: 0xb4c6,
	0x69c7: 0x87c7,
	0x69c8: 0x96c8,
	0x69c9: 0x69c9,
	0x69ca: 0x78ca,
	0x69cb: 0x4bcb,
	0x69cc: 0x5acc,
	0x69cd: 0x2dcd,
	0x69ce: 0x3cce,
	0x69cf: 0x0fcf,
	0x69d0: 0x1ed0,
	0x69d1: 0xf0d1,
	0x69d2: 0xe1d2,
	0x69d3: 0xd2d3,
	0x69d4: 0xc3d4,
	0x69d5: 0xb4d5,
	0x69d6: 0xa5d6,
	0x69d7: 0x96d7,
	0x69d8: 0x87d8,
	0x69d9: 0x78d9,
	0x69da: 0x69da,
	0x69db: 0x5adb,
	0x69dc: 0x4bdc,
	0x69dd: 0x3cdd,
	0x69de: 0x2dde,
	0x69df: 0x1edf,
	0x69e0: 0x0fe0,
	0x69e1: 0xc3e1,
	0x69e2: 0xd2e2,
	0x69e3: 0xe1e3,
	0x69e4: 0xf0e4,
	0x69e5: 0x87e5,
	0x69e6: 0x96e6,
	0x69e7: 0xa5e7,
	0x69e8: 0xb4e8,
	0x69e9: 0x4be9,
	0x69ea: 0x5aea,
	0x69eb: 0x69eb,
	0x69ec: 0x78ec,
	0x69ed: 0x0fed,
	0x69ee: 0x1eee,
	0x69ef: 0x2def,
	0x69f0: 0x3cf0,
	0x69f1: 0xd2f1,
	0x69f2: 0xc3f2,
	0x69f3: 0xf0f3,
	0x69f4: 0xe1f4,
	0x69f5: 0x96f5,
	0x69f6: 0x87f6,
	0x69f7: 0xb4f7,
	0x69f8: 0xa5f8,
	0x69f9: 0x5af9,
	0x69fa: 0x4bfa,
	0x69fb: 0x78fb,
	0x69fc: 0x69fc,
	0x69fd: 0x1efd,
	0x69fe: 0x0ffe,
	0x69ff: 0x3cff,
	0x6a00: 0xe205,
	0x6a01: 0x9504,
	0x6a02: 0xc007,
	0x6a03: 0xf306,
	0x6a04: 0xa601,
	0x6a05: 0x2e00,
	0x6a06: 0x8403,
	0x6a07: 0xb702,
	0x6a08: 0x6a0d,
	0x6a09: 0x1d0c,
	0x6a0a: 0x480f,
	0x6a0b: 0x7b0e,
	0x6a0c: 0x2e09,
	0x6a0d: 0xd108,
	0x6a0e: 0x0c0b,
	0x6a0f: 0x3f0a,
	0x6a10: 0xf315,
	0x6a11: 0x8414,
	0x6a12: 0xd117,
	0x6a13: 0xe216,
	0x6a14: 0xb711,
	0x6a15: 0x5910,
	0x6a16: 0x9513,
	0x6a17: 0xa612,
	0x6a18: 0x7b1d,
	0x6a19: 0x0c1c,
	0x6a1a: 0x591f,
	0x6a1b: 0x6a1e,
	0x6a1c: 0x3f19,
	0x6a1d: 0xc018,
	0x6a1e: 0x1d1b,
	0x6a1f: 0x2e1a,
	0x6a20: 0xc025,
	0x6a21: 0xb724,
	0x6a22: 0xe227,
	0x6a23: 0xd126,
	0x6a24: 0x8421,
	0x6a25: 0x4820,
	0x6a26: 0xa623,
	0x6a27: 0x9522,
	0x6a28: 0x482d,
	0x6a29: 0x3f2c,
	0x6a2a: 0x6a2f,
	0x6a2b: 0x592e,
	0x6a2c: 0x0c29,
	0x6a2d: 0xf328,
	0x6a2e: 0x2e2b,
	0x6a2f: 0x1d2a,
	0x6a30: 0xd135,
	0x6a31: 0xa634,
	0x6a32: 0xf337,
	0x6a33: 0xc036,
	0x6a34: 0x9531,
	0x6a35: 0x7b30,
	0x6a36: 0xb733,
	0x6a37: 0x8432,
	0x6a38: 0x593d,
	0x6a39: 0x2e3c,
	0x6a3a: 0x7b3f,
	0x6a3b: 0x483e,
	0x6a3c: 0x1d39,
	0x6a3d: 0xe238,
	0x6a3e: 0x3f3b,
	0x6a3f: 0x0c3a,
	0x6a40: 0x2e45,
	0x6a41: 0x5944,
	0x6a42: 0x0c47,
	0x6a43: 0x3f46,
	0x6a44: 0x6a41,
	0x6a45: 0x6a40,
	0x6a46: 0x4843,
	0x6b00: 0x3e0a,
	0x6b01: 0x0d0b,
	0x6c00: 0x4e0f,
	0x6c01: 0x7d0e,
	0x6d00: 0x8314,
	0x6d01: 0xf415,
	0x6e00: 0x3b19,
	0x6e01: 0xc418,
	0x6f00: 0x6f1e,
	0x6f01: 0x5c1f,
	0x7000: 0xbc23,
	0x7001: 0x8f22,
	0x7100: 0xe828,
	0x7101: 0x1729,
	0x7200: 0x502d,
	0x7201: 0x272c,
	0x7300: 0x9d32,
	0x7301: 0xae33,
	0x7400: 0xed37,
	0x7401: 0xde36,
	0x7500: 0x313c,
	0x7501: 0x463d,
	0x7600: 0x7641,
	0x7601: 0x7640,
	0x7700: 0x2246,
	0x7701: 0x1147,
	0x7800: 0xd24b,
	0x7801: 0xe14a,
	0x7900: 0x8650,
	0x7901: 0x6851,
	0x7a00: 0x2f55,
	0x7a01: 0x5854,
	0x7b00: 0xf35a,
	0x7b01: 0xc05b,
	0x7c00: 0x835f,
	0x7c01: 0xb05e,
	0x7d00: 0x6c64,
	0x7d01: 0x1b65,
	0x7e00: 0xd469,
	0x7e01: 0x2b68,
	0x7f00: 0x806e,
	0x7f01: 0xb36f,
	0x8000: 0x9173,
	0x8001: 0xa272,
	0x8002: 0xb371,
	0x8003: 0x5d70,
	0x8004: 0xd577,
	0x8005: 0xe676,
	0x8006: 0xf775,
	0x8007: 0x8074,
	0x8008: 0x197b,
	0x8009: 0x2a7a,
	0x800a: 0x3b79,
	0x800b: 0xc478,
	0x800c: 0x5d7f,
	0x800d: 0x6e7e,
	0x800e: 0x7f7d,
	0x800f: 0x087c,
	0x8010: 0x8063,
	0x8011: 0xb362,
	0x8012: 0xa261,
	0x8013: 0x6e60,
	0x8014: 0xc467,
	0x8015: 0xf766,
	0x8016: 0xe665,
	0x8017: 0x9164,
	0x8018: 0x086b,
	0x8019: 0x3b6a,
	0x801a: 0x2a69,
	0x801b: 0xd568,
	0x801c: 0x4c6f,
	0x801d: 0x7f6e,
	0x801e: 0x6e6d,
	0x801f: 0x196c,
	0x8020: 0xb353,
	0x8021: 0x8052,
	0x8022: 0x9151,
	0x8023: 0x7f50,
	0x8024: 0xf757,
	0x8025: 0xc456,
	0x8026: 0xd555,
	0x8027: 0xa254,
	0x8028: 0x3b5b,
	0x8029: 0x085a,
	0x802a: 0x1959,
	0x802b: 0xe658,
	0x802c: 0x7f5f,
	0x802d: 0x4c5e,
	0x802e: 0x5d5d,
	0x802f: 0x2a5c,
	0x8030: 0xa243,
	0x8031: 0x9142,
	0x8032: 0x8041,
	0x8033: 0x8040,
	0x8034: 0xe647,
	0x8035: 0xd546,
	0x8036: 0xc445,
	0x8037: 0xb344,
	0x8038: 0x2a4b,
	0x8039: 0x194a,
	0x803a: 0x0849,
	0x803b: 0xf748,
	0x803c: 0x6e4f,
	0x803d: 0x5d4e,
	0x803e: 0x4c4d,
	0x803f: 0x3b4c,
	0x8040: 0x5d33,
	0x8041: 0x6e32,
	0x8042: 0x7f31,
	0x8043: 0x9130,
	0x8044: 0x1937,
	0x8045: 0x2a36,
	0x8046: 0x3b35,
	0x8047: 0x4c34,
	0x8048: 0xd53b,
	0x8049: 0xe63a,
	0x804a: 0xf739,
	0x804b: 0x0838,
	0x804c: 0x913f,
	0x804d: 0xa23e,
	0x804e: 0xb33d,
	0x804f: 0xc43c,
	0x8050: 0x4c23,
	0x8051: 0x7f22,
	0x8052: 0x6e21,
	0x8053: 0xa220,
	0x8054: 0x0827,
	0x8055: 0x3b26,
	0x8056: 0x2a25,
	0x8057: 0x5d24,
	0x8058: 0xc42b,
	0x8059: 0xf72a,
	0x805a: 0xe629,
	0x805b: 0x1928,
	0x805c: 0x802f,
	0x805d: 0xb32e,
	0x805e: 0xa22d,
	0x805f: 0xd52c,
	0x8060: 0x7f13,
	0x8061: 0x4c12,
	0x8062: 0x5d11,
	0x8063: 0xb310,
	0x8064: 0x3b17,
	0x8065: 0x0816,
	0x8066: 0x1915,
	0x8067: 0x6e14,
	0x8068: 0xf71b,
	0x8069: 0xc41a,
	0x806a: 0xd519,
	0x806b: 0x2a18,
	0x806c: 0xb31f,
	0x806d: 0x801e,
	0x806e: 0x911d,
	0x806f: 0xe61c,
	0x8070: 0x6e03,
	0x8071: 0x5d02,
	0x8072: 0x4c01,
	0x8073: 0xc400,
	0x8074: 0x2a07,
	0x8075: 0x1906,
	0x8076: 0x0805,
	0x8077: 0x7f04,
	0x8078: 0xe60b,
	0x8079: 0xd50a,
	0x807a: 0xc409,
	0x807b: 0x3b08,
	0x807c: 0xa20f,
	0x807d: 0x910e,
	0x807e: 0x800d,
	0x807f: 0xf70c,
	0x8080: 0x19f3,
	0x8081: 0x2af2,
	0x8082: 0x3bf1,
	0x8083: 0xd5f0,
	0x8084: 0x5df7,
	0x8085: 0x6ef6,
	0x8086: 0x7ff5,
	0x8087: 0x08f4,
	0x8088: 0x91fb,
	0x8089: 0xa2fa,
	0x808a: 0xb3f9,
	0x808b: 0x4cf8,
	0x808c: 0xd5ff,
	0x808d: 0xe6fe,
	0x808e: 0xf7fd,
	0x808f: 0x80fc,
	0x8090: 0x08e3,
	0x8091: 0x3be2,
	0x8092: 0x2ae1,
	0x8093: 0xe6e0,
	0x8094: 0x4ce7,
	0x8095: 0x7fe6,
	0x8096: 0x6ee5,
	0x8097: 0x19e4,
	0x8098: 0x80eb,
	0x8099: 0xb3ea,
	0x809a: 0xa2e9,
	0x809b: 0x5de8,
	0x809c: 0xc4ef,
	0x809d: 0xf7ee,
	0x809e: 0xe6ed,
	0x809f: 0x91ec,
	0x80a0: 0x3bd3,
	0x80a1: 0x08d2,
	0x80a2: 0x19d1,
	0x80a3: 0xf7d0,
	0x80a4: 0x7fd7,
	0x80a5: 0x4cd6,
	0x80a6: 0x5dd5,
	0x80a7: 0x2ad4,
	0x80a8: 0xb3db,
	0x80a9: 0x80da,
	0x80aa: 0x91d9,
	0x80ab: 0x6ed8,
	0x80ac: 0xf7df,
	0x80ad: 0xc4de,
	0x80ae: 0xd5dd,
	0x80af: 0xa2dc,
	0x80b0: 0x2ac3,
	0x80b1: 0x19c2,
	0x80b2: 0x08c1,
	0x80b3: 0x08c0,
	0x80b4: 0x6ec7,
	0x80b5: 0x5dc6,
	0x80b6: 0x4cc5,
	0x80b7: 0x3bc4,
	0x80b8: 0xa2cb,
	0x80b9: 0x91ca,
	0x80ba: 0x80c9,
	0x80bb: 0x7fc8,
	0x80bc: 0xe6cf,
	0x80bd: 0xd5ce,
	0x80be: 0xc4cd,
	0x80bf: 0xb3cc,
	0x80c0: 0xd5b3,
	0x80c1: 0xe6b2,
	0x80c2: 0xf7b1,
	0x80c3: 0x19b0,
	0x80c4: 0x91b7,
	0x80c5: 0xa2b6,
	0x80c6: 0xb3b5,
	0x80c7: 0xc4b4,
	0x80c8: 0x5dbb,
	0x80c9: 0x6eba,
	0x80ca: 0x7fb9,
	0x80cb: 0x80b8,
	0x80cc: 0x19bf,
	0x80cd: 0x2abe,
	0x80ce: 0x3bbd,
	0x80cf: 0x4cbc,
	0x80d0: 0xc4a3,
	0x80d1: 0xf7a2,
	0x80d2: 0xe6a1,
	0x80d3: 0x2aa0,
	0x80d4: 0x80a7,
	0x80d5: 0xb3a6,
	0x80d6: 0xa2a5,
	0x80d7: 0xd5a4,
	0x80d8: 0x4cab,
	0x80d9: 0x7faa,
	0x80da: 0x6ea9,
	0x80db: 0x91a8,
	0x80dc: 0x08af,
	0x80dd: 0x3bae,
	0x80de: 0x2aad,
	0x80df: 0x5dac,
	0x80e0: 0xf793,
	0x80e1: 0xc492,
	0x80e2: 0xd591,
	0x80e3: 0x3b90,
	0x80e4: 0xb397,
	0x80e5: 0x8096,
	0x80e6: 0x9195,
	0x80e7: 0xe694,
	0x80e8: 0x7f9b,
	0x80e9: 0x4c9a,
	0x80ea: 0x5d99,
	0x80eb: 0xa298,
	0x80ec: 0x3b9f,
	0x80ed: 0x089e,
	0x80ee: 0x199d,
	0x80ef: 0x6e9c,
	0x80f0: 0xe683,
	0x80f1: 0xd582,
	0x80f2: 0xc481,
	0x80f3: 0x4c80,
	0x80f4: 0xa287,
	0x80f5: 0x9186,
	0x80f6: 0x8085,
	0x80f7: 0xf784,
	0x80f8: 0x6e8b,
	0x80f9: 0x5d8a,
	0x80fa: 0x4c89,
	0x80fb: 0xb388,
	0x80fc: 0x2a8f,
	0x80fd: 0x198e,
	0x80fe: 0x088d,
	0x80ff: 0x7f8c,
	0x8100: 0xc578,
	0x8101: 0x3a79,
	0x8102: 0x2b7a,
	0x8103: 0x187b,
	0x8104: 0x097c,
	0x8105: 0x7e7d,
	0x8106: 0x6f7e,
	0x8107: 0x5c7f,
	0x8108: 0x5c70,
	0x8109: 0xb271,
	0x810a: 0xa372,
	0x810b: 0x9073,
	0x810c: 0x8174,
	0x810d: 0xf675,
	0x810e: 0xe776,
	0x810f: 0xd477,
	0x8110: 0xd468,
	0x8111: 0x2b69,
	0x8112: 0x3a6a,
	0x8113: 0x096b,
	0x8114: 0x186c,
	0x8115: 0x6f6d,
	0x8116: 0x7e6e,
	0x8117: 0x4d6f,
	0x8118: 0x6f60,
	0x8119: 0xa361,
	0x811a: 0xb262,
	0x811b: 0x8163,
	0x811c: 0x9064,
	0x811d: 0xe765,
	0x811e: 0xf666,
	0x811f: 0xc567,
	0x8120: 0xe758,
	0x8121: 0x1859,
	0x8122: 0x095a,
	0x8123: 0x3a5b,
	0x8124: 0x2b5c,
	0x8125: 0x5c5d,
	0x8126: 0x4d5e,
	0x8127: 0x7e5f,
	0x8128: 0x7e50,
	0x8129: 0x9051,
	0x812a: 0x8152,
	0x812b: 0xb253,
	0x812c: 0xa354,
	0x812d: 0xd455,
	0x812e: 0xc556,
	0x812f: 0xf657,
	0x8130: 0xf648,
	0x8131: 0x0949,
	0x8132: 0x184a,
	0x8133: 0x2b4b,
	0x8134: 0x3a4c,
	0x8135: 0x4d4d,
	0x8136: 0x5c4e,
	0x8137: 0x6f4f,
	0x8138: 0x8140,
	0x8139: 0x8141,
	0x813a: 0x9042,
	0x813b: 0xa343,
	0x813c: 0xb244,
	0x813d: 0xc545,
	0x813e: 0xd446,
	0x813f: 0xe747,
	0x8140: 0x0938,
	0x8141: 0xf639,
	0x8142: 0xe73a,
	0x8143: 0xd43b,
	0x8144: 0xc53c,
	0x8145: 0xb23d,
	0x8146: 0xa33e,
	0x8147: 0x903f,
	0x8148: 0x9030,
	0x8149: 0x7e31,
	0x814a: 0x6f32,
	0x814b: 0x5c33,
	0x814c: 0x4d34,
	0x814d: 0x3a35,
	0x814e: 0x2b36,
	0x814f: 0x1837,
	0x8150: 0x1828,
	0x8151: 0xe729,
	0x8152: 0xf62a,
	0x8153: 0xc52b,
	0x8154: 0xd42c,
	0x8155: 0xa32d,
	0x8156: 0xb22e,
	0x8157: 0x812f,
	0x8158: 0xa320,
	0x8159: 0x6f21,
	0x815a: 0x7e22,
	0x815b: 0x4d23,
	0x815c: 0x5c24,
	0x815d: 0x2b25,
	0x815e: 0x3a26,
	0x815f: 0x0927,
	0x8160: 0x2b18,
	0x8161: 0xd419,
	0x8162: 0xc51a,
	0x8163: 0xf61b,
	0x8164: 0xe71c,
	0x8165: 0x901d,
	0x8166: 0x811e,
	0x8167: 0xb21f,
	0x8168: 0xb210,
	0x8169: 0x5c11,
	0x816a: 0x4d12,
	0x816b: 0x7e13,
	0x816c: 0x6f14,
	0x816d: 0x1815,
	0x816e: 0x0916,
	0x816f: 0x3a17,
	0x8170: 0x3a08,
	0x8171: 0xc509,
	0x8172: 0xd40a,
	0x8173: 0xe70b,
	0x8174: 0xf60c,
	0x8175: 0x810d,
	0x8176: 0x900e,
	0x8177: 0xa30f,
	0x8178: 0xc500,
	0x8179: 0x4d01,
	0x817a: 0x5c02,
	0x817b: 0x6f03,
	0x817c: 0x7e04,
	0x817d: 0x0905,
	0x817e: 0x1806,
	0x817f: 0x2b07,
	0x8180: 0x4df8,
	0x8181: 0xb2f9,
	0x8182: 0xa3fa,
	0x8183: 0x90fb,
	0x8184: 0x81fc,
	0x8185: 0xf6fd,
	0x8186: 0xe7fe,
	0x8187: 0xd4ff,
	0x8188: 0xd4f0,
	0x8189: 0x3af1,
	0x818a: 0x2bf2,
	0x818b: 0x18f3,
	0x818c: 0x09f4,
	0x818d: 0x7ef5,
	0x818e: 0x6ff6,
	0x818f: 0x5cf7,
	0x8190: 0x5ce8,
	0x8191: 0xa3e9,
	0x8192: 0xb2ea,
	0x8193: 0x81eb,
	0x8194: 0x90ec,
	0x8195: 0xe7ed,
	0x8196: 0xf6ee,
	0x8197: 0xc5ef,
	0x8198: 0xe7e0,
	0x8199: 0x2be1,
	0x819a: 0x3ae2,
	0x819b: 0x09e3,
	0x819c: 0x18e4,
	0x819d: 0x6fe5,
	0x819e: 0x7ee6,
	0x819f: 0x4de7,
	0x81a0: 0x6fd8,
	0x81a1: 0x90d9,
	0x81a2: 0x81da,
	0x81a3: 0xb2db,
	0x81a4: 0xa3dc,
	0x81a5: 0xd4dd,
	0x81a6: 0xc5de,
	0x81a7: 0xf6df,
	0x81a8: 0xf6d0,
	0x81a9: 0x18d1,
	0x81aa: 0x09d2,
	0x81ab: 0x3ad3,
	0x81ac: 0x2bd4,
	0x81ad: 0x5cd5,
	0x81ae: 0x4dd6,
	0x81af: 0x7ed7,
	0x81b0: 0x7ec8,
	0x81b1: 0x81c9,
	0x81b2: 0x90ca,
	0x81b3: 0xa3cb,
	0x81b4: 0xb2cc,
	0x81b5: 0xc5cd,
	0x81b6: 0xd4ce,
	0x81b7: 0xe7cf,
	0x81b8: 0x09c0,
	0x81b9: 0x09c1,
	0x81ba: 0x18c2,
	0x81bb: 0x2bc3,
	0x81bc: 0x3ac4,
	0x81bd: 0x4dc5,
	0x81be: 0x5cc6,
	0x81bf: 0x6fc7,
	0x81c0: 0x81b8,
	0x81c1: 0x7eb9,
	0x81c2: 0x6fba,
	0x81c3: 0x5cbb,
	0x81c4: 0x4dbc,
	0x81c5: 0x3abd,
	0x81c6: 0x2bbe,
	0x81c7: 0x18bf,
	0x81c8: 0x18b0,
	0x81c9: 0xf6b1,
	0x81ca: 0xe7b2,
	0x81cb: 0xd4b3,
	0x81cc: 0xc5b4,
	0x81cd: 0xb2b5,
	0x81ce: 0xa3b6,
	0x81cf: 0x90b7,
	0x81d0: 0x90a8,
	0x81d1: 0x6fa9,
	0x81d2: 0x7eaa,
	0x81d3: 0x4dab,
	0x81d4: 0x5cac,
	0x81d5: 0x2bad,
	0x81d6: 0x3aae,
	0x81d7: 0x09af,
	0x81d8: 0x2ba0,
	0x81d9: 0xe7a1,
	0x81da: 0xf6a2,
	0x81db: 0xc5a3,
	0x81dc: 0xd4a4,
	0x81dd: 0xa3a5,
	0x81de: 0xb2a6,
	0x81df: 0x81a7,
	0x81e0: 0xa398,
	0x81e1: 0x5c99,
	0x81e2: 0x4d9a,
	0x81e3: 0x7e9b,
	0x81e4: 0x6f9c,
	0x81e5: 0x189d,
	0x81e6: 0x099e,
	0x81e7: 0x3a9f,
	0x81e8: 0x3a90,
	0x81e9: 0xd491,
	0x81ea: 0xc592,
	0x81eb: 0xf693,
	0x81ec: 0xe794,
	0x81ed: 0x9095,
	0x81ee: 0x8196,
	0x81ef: 0xb297,
	0x81f0: 0xb288,
	0x81f1: 0x4d89,
	0x81f2: 0x5c8a,
	0x81f3: 0x6f8b,
	0x81f4: 0x7e8c,
	0x81f5: 0x098d,
	0x81f6: 0x188e,
	0x81f7: 0x2b8f,
	0x81f8: 0x4d80,
	0x81f9: 0xc581,
	0x81fa: 0xd482,
	0x81fb: 0xe783,
	0x81fc: 0xf684,
	0x81fd: 0x8185,
	0x81fe: 0x9086,
	0x81ff: 0xa387,
	0x8200: 0x7d7d,
	0x8201: 0x0a7c,
	0x8202: 0x5f7f,
	0x8203: 0x6c7e,
	0x8204: 0x3979,
	0x8205: 0xc678,
	0x8206: 0x1b7b,
	0x8207: 0x287a,
	0x8208: 0xf575,
	0x8209: 0x8274,
	0x820a: 0xd777,
	0x820b: 0xe476,
	0x820c: 0xb171,
	0x820d: 0x5f70,
	0x820e: 0x9373,
	0x820f: 0xa072,
	0x8210: 0x6c6d,
	0x8211: 0x1b6c,
	0x8212: 0x4e6f,
	0x8213: 0x7d6e,
	0x8214: 0x2869,
	0x8215: 0xd768,
	0x8216: 0x0a6b,
	0x8217: 0x396a,
	0x8218: 0xe465,
	0x8219: 0x9364,
	0x821a: 0xc667,
	0x821b: 0xf566,
	0x821c: 0xa061,
	0x821d: 0x6c60,
	0x821e: 0x8263,
	0x821f: 0xb162,
	0x8220: 0x5f5d,
	0x8221: 0x285c,
	0x8222: 0x7d5f,
	0x8223: 0x4e5e,
	0x8224: 0x1b59,
	0x8225: 0xe458,
	0x8226: 0x395b,
	0x8227: 0x0a5a,
	0x8228: 0xd755,
	0x8229: 0xa054,
	0x822a: 0xf557,
	0x822b: 0xc656,
	0x822c: 0x9351,
	0x822d: 0x7d50,
	0x822e: 0xb153,
	0x822f: 0x8252,
	0x8230: 0x4e4d,
	0x8231: 0x394c,
	0x8232: 0x6c4f,
	0x8233: 0x5f4e,
	0x8234: 0x0a49,
	0x8235: 0xf548,
	0x8236: 0x284b,
	0x8237: 0x1b4a,
	0x8238: 0xc645,
	0x8239: 0xb144,
	0x823a: 0xe447,
	0x823b: 0xd746,
	0x823c: 0x8241,
	0x823d: 0x8240,
	0x823e: 0xa043,
	0x823f: 0x9342,
	0x8240: 0xb13d,
	0x8241: 0xc63c,
	0x8242: 0x933f,
	0x8243: 0xa03e,
	0x8244: 0xf539,
	0x8245: 0x0a38,
	0x8246: 0xd73b,
	0x8247: 0xe43a,
	0x8248: 0x3935,
	0x8249: 0x4e34,
	0x824a: 0x1b37,
	0x824b: 0x2836,
	0x824c: 0x7d31,
	0x824d: 0x9330,
	0x824e: 0x5f33,
	0x824f: 0x6c32,
	0x8250: 0xa02d,
	0x8251: 0xd72c,
	0x8252: 0x822f,
	0x8253: 0xb12e,
	0x8254: 0xe429,
	0x8300: 0xd682,
	0x8301: 0xe583,
	0x8400: 0xa687,
	0x8401: 0x9586,
	0x8500: 0x7a8c,
	0x8501: 0x0d8d,
	0x8600: 0xd391,
	0x8601: 0x3d90,
	0x8700: 0x8796,
	0x8701: 0xb497,
	0x8800: 0x779b,
	0x8801: 0x449a,
	0x8900: 0x23a0,
	0x8901: 0xefa1,
	0x8a00: 0xa8a5,
	0x8a01: 0xdfa4,
	0x8b00: 0x74aa,
	0x8b01: 0x47ab,
	0x8c00: 0x04af,
	0x8c01: 0x37ae,
	0x8d00: 0xc9b4,
	0x8d01: 0xbeb5,
	0x8e00: 0x71b9,
	0x8e01: 0x8eb8,
	0x8f00: 0x25be,
	0x8f01: 0x16bf,
	0x9000: 0x3ac3,
	0x9001: 0x09c2,
	0x9100: 0x6ec8,
	0x9101: 0x91c9,
	0x9200: 0xd6cd,
	0x9201: 0xa1cc,
	0x9300: 0x1bd2,
	0x9301: 0x28d3,
	0x9400: 0x6bd7,
	0x9401: 0x58d6,
	0x9500: 0xb7dc,
	0x9501: 0xc0dd,
	0x9600: 0x3ce1,
	0x9601: 0xf0e0,
	0x9700: 0x68e6,
	0x9701: 0x5be7,
	0x9800: 0x98eb,
	0x9801: 0xabea,
	0x9900: 0xccf0,
	0x9901: 0x22f1,
	0x9a00: 0x65f5,
	0x9a01: 0x12f4,
	0x9b00: 0xb9fa,
	0x9b01: 0x8afb,
	0x9c00: 0xc9ff,
	0x9c01: 0xfafe,
	0x9d00: 0x6204,
	0x9d01: 0x1505,
	0x9e00: 0xda09,
	0x9e01: 0x2508,
	0x9f00: 0x8e0e,
	0x9f01: 0xbd0f,
	0xa000: 0x5f13,
	0xa001: 0x6c12,
	0xa002: 0x7d11,
	0xa003: 0x9310,
	0xa004: 0x1b17,
	0xa005: 0x2816,
	0xa006: 0x3915,
	0xa007: 0x4e14,
	0xa008: 0xd71b,
	0xa009: 0xe41a,
	0xa00a: 0xf519,
	0xa00b: 0x0a18,
	0xa00c: 0x931f,
	0xa00d: 0xa01e,
	0xa00e: 0xb11d,
	0xa00f: 0xc61c,
	0xa010: 0x4e03,
	0xa011: 0x7d02,
	0xa012: 0x6c01,
	0xa013: 0xe400,
	0xa014: 0x0a07,
	0xa015: 0x3906,
	0xa016: 0x2805,
	0xa017: 0x5f04,
	0xa018: 0xc60b,
	0xa019: 0xf50a,
	0xa01a: 0xe409,
	0xa01b: 0x1b08,
	0xa01c: 0x820f,
	0xa01d: 0xb10e,
	0xa01e: 0xa00d,
	0xa01f: 0xd70c,
	0xa020: 0x7d33,
	0xa021: 0x4e32,
	0xa022: 0x5f31,
	0xa023: 0xb130,
	0xa024: 0x3937,
	0xa025: 0x0a36,
	0xa026: 0x1b35,
	0xa027: 0x6c34,
	0xa028: 0xf53b,
	0xa029: 0xc63a,
	0xa02a: 0xd739,
	0xa02b: 0x2838,
	0xa02c: 0xb13f,
	0xa02d: 0x823e,
	0xa02e: 0x933d,
	0xa02f: 0xe43c,
	0xa030: 0x6c23,
	0xa031: 0x5f22,
	0xa032: 0x4e21,
	0xa033: 0x8220,
	0xa034: 0x2827,
	0xa035: 0x1b26,
	0xa036: 0x0a25,
	0xa037: 0x7d24,
	0xa038: 0xe42b,
	0xa039: 0xd72a,
	0xa03a: 0xc629,
	0xa03b: 0x3928,
	0xa03c: 0xa02f,
	0xa03d: 0x932e,
	0xa03e: 0x822d,
	0xa03f: 0xf52c,
	0xa040: 0x9353,
	0xa041: 0xa052,
	0xa042: 0xb151,
	0xa043: 0x5f50,
	0xa044: 0xd757,
	0xa045: 0xe456,
	0xa046: 0xf555,
	0xa047: 0x8254,
	0xa048: 0x1b5b,
	0xa049: 0x285a,
	0xa04a: 0x3959,
	0xa04b: 0xc658,
	0xa04c: 0x5f5f,
	0xa04d: 0x6c5e,
	0xa04e: 0x7d5d,
	0xa04f: 0x0a5c,
	0xa050: 0x8243,
	0xa051: 0xb142,
	0xa052: 0xa041,
	0xa053: 0xa040,
	0xa054: 0xc647,
	0xa055: 0xf546,
	0xa056: 0xe445,
	0xa057: 0x9344,
	0xa058: 0x0a4b,
	0xa059: 0x394a,
	0xa05a: 0x2849,
	0xa05b: 0xd748,
	0xa05c: 0x4e4f,
	0xa05d: 0x7d4e,
	0xa05e: 0x6c4d,
	0xa05f: 0x1b4c,
	0xa060: 0xb173,
	0xa061: 0x8272,
	0xa062: 0x9371,
	0xa063: 0x7d70,
	0xa064: 0xf577,
	0xa065: 0xc676,
	0xa066: 0xd775,
	0xa067: 0xa074,
	0xa068: 0x397b,
	0xa069: 0x0a7a,
	0xa06a: 0x1b79,
	0xa06b: 0xe478,
	0xa06c: 0x7d7f,
	0xa06d: 0x4e7e,
	0xa06e: 0x5f7d,
	0xa06f: 0x287c,
	0xa070: 0xa063,
	0xa071: 0x9362,
	0xa072: 0x8261,
	0xa073: 0x4e60,
	0xa074: 0xe467,
	0xa075: 0xd766,
	0xa076: 0xc665,
	0xa077: 0xb164,
	0xa078: 0x286b,
	0xa079: 0x1b6a,
	0xa07a: 0x0a69,
	0xa07b: 0xf568,
	0xa07c: 0x6c6f,
	0xa07d: 0x5f6e,
	0xa07e: 0x4e6d,
	0xa07f: 0x396c,
	0xa080: 0xd793,
	0xa081: 0xe492,
	0xa082: 0xf591,
	0xa083: 0x1b90,
	0xa084: 0x9397,
	0xa085: 0xa096,
	0xa086: 0xb195,
	0xa087: 0xc694,
	0xa088: 0x5f9b,
	0xa089: 0x6c9a,
	0xa08a: 0x7d99,
	0xa08b: 0x8298,
	0xa08c: 0x1b9f,
	0xa08d: 0x289e,
	0xa08e: 0x399d,
	0xa08f: 0x4e9c,
	0xa090: 0xc683,
	0xa091: 0xf582,
	0xa092: 0xe481,
	0xa093: 0x6c80,
	0xa094: 0x8287,
	0xa095: 0xb186,
	0xa096: 0xa085,
	0xa097: 0xd784,
	0xa098: 0x4e8b,
	0xa099: 0x7d8a,
	0xa09a: 0x6c89,
	0xa09b: 0x9388,
	0xa09c: 0x0a8f,
	0xa09d: 0x398e,
	0xa09e: 0x288d,
	0xa09f: 0x5f8c,
	0xa0a0: 0xf5b3,
	0xa0a1: 0xc6b2,
	0xa0a2: 0xd7b1,
	0xa0a3: 0x39b0,
	0xa0a4: 0xb1b7,
	0xa0a5: 0x82b6,
	0xa0a6: 0x93b5,
	0xa0a7: 0xe4b4,
	0xa0a8: 0x7dbb,
	0xa0a9: 0x4eba,
	0xa0aa: 0x5fb9,
	0xa0ab: 0xa0b8,
	0xa0ac: 0x39bf,
	0xa0ad: 0x0abe,
	0xa0ae: 0x1bbd,
	0xa0af: 0x6cbc,
	0xa0b0: 0xe4a3,
	0xa0b1: 0xd7a2,
	0xa0b2: 0xc6a1,
	0xa0b3: 0x0aa0,
	0xa0b4: 0xa0a7,
	0xa0b5: 0x93a6,
	0xa0b6: 0x82a5,
	0xa0b7: 0xf5a4,
	0xa0b8: 0x6cab,
	0xa0b9: 0x5faa,
	0xa0ba: 0x4ea9,
	0xa0bb: 0xb1a8,
	0xa0bc: 0x28af,
	0xa0bd: 0x1bae,
	0xa0be: 0x0aad,
	0xa0bf: 0x7dac,
	0xa0c0: 0x1bd3,
	0xa0c1: 0x28d2,
	0xa0c2: 0x39d1,
	0xa0c3: 0xd7d0,
	0xa0c4: 0x5fd7,
	0xa0c5: 0x6cd6,
	0xa0c6: 0x7dd5,
	0xa0c7: 0x0ad4,
	0xa0c8: 0x93db,
	0xa0c9: 0xa0da,
	0xa0ca: 0xb1d9,
	0xa0cb: 0x4ed8,
	0xa0cc: 0xd7df,
	0xa0cd: 0xe4de,
	0xa0ce: 0xf5dd,
	0xa0cf: 0x82dc,
	0xa0d0: 0x0ac3,
	0xa0d1: 0x39c2,
	0xa0d2: 0x28c1,
	0xa0d3: 0x28c0,
	0xa0d4: 0x4ec7,
	0xa0d5: 0x7dc6,
	0xa0d6: 0x6cc5,
	0xa0d7: 0x1bc4,
	0xa0d8: 0x82cb,
	0xa0d9: 0xb1ca,
	0xa0da: 0xa0c9,
	0xa0db: 0x5fc8,
	0xa0dc: 0xc6cf,
	0xa0dd: 0xf5ce,
	0xa0de: 0xe4cd,
	0xa0df: 0x93cc,
	0xa0e0: 0x39f3,
	0xa0e1: 0x0af2,
	0xa0e2: 0x1bf1,
	0xa0e3: 0xf5f0,
	0xa0e4: 0x7df7,
	0xa0e5: 0x4ef6,
	0xa0e6: 0x5ff5,
	0xa0e7: 0x28f4,
	0xa0e8: 0xb1fb,
	0xa0e9: 0x82fa,
	0xa0ea: 0x93f9,
	0xa0eb: 0x6cf8,
	0xa0ec: 0xf5ff,
	0xa0ed: 0xc6fe,
	0xa0ee: 0xd7fd,
	0xa0ef: 0xa0fc,
	0xa0f0: 0x28e3,
	0xa0f1: 0x1be2,
	0xa0f2: 0x0ae1,
	0xa0f3: 0xc6e0,
	0xa0f4: 0x6ce7,
	0xa0f5: 0x5fe6,
	0xa0f6: 0x4ee5,
	0xa0f7: 0x39e4,
	0xa0f8: 0xa0eb,
	0xa0f9: 0x93ea,
	0xa0fa: 0x82e9,
	0xa0fb: 0x7de8,
	0xa0fc: 0xe4ef,
	0xa0fd: 0xd7ee,
	0xa0fe: 0xc6ed,
	0xa0ff: 0xb1ec,
	0xa100: 0x0b18,
	0xa101: 0xf419,
	0xa102: 0xe51a,
	0xa103: 0xd61b,
	0xa104: 0xc71c,
	0xa105: 0xb01d,
	0xa106: 0xa11e,
	0xa107: 0x921f,
	0xa108: 0x9210,
	0xa109: 0x7c11,
	0xa10a: 0x6d12,
	0xa10b: 0x5e13,
	0xa10c: 0x4f14,
	0xa10d: 0x3815,
	0xa10e: 0x2916,
	0xa10f: 0x1a17,
	0xa110: 0x1a08,
	0xa111: 0xe509,
	0xa112: 0xf40a,
	0xa113: 0xc70b,
	0xa114: 0xd60c,
	0xa115: 0xa10d,
	0xa116: 0xb00e,
	0xa117: 0x830f,
	0xa118: 0xe500,
	0xa119: 0x6d01,
	0xa11a: 0x7c02,
	0xa11b: 0x4f03,
	0xa11c: 0x5e04,
	0xa11d: 0x2905,
	0xa11e: 0x3806,
	0xa11f: 0x0b07,
	0xa120: 0x2938,
	0xa121: 0xd639,
	0xa122: 0xc73a,
	0xa123: 0xf43b,
	0xa124: 0xe53c,
	0xa125: 0x923d,
	0xa126: 0x833e,
	0xa127: 0xb03f,
	0xa128: 0xb030,
	0xa129: 0x5e31,
	0xa12a: 0x4f32,
	0xa12b: 0x7c33,
	0xa12c: 0x6d34,
	0xa12d: 0x1a35,
	0xa12e: 0x0b36,
	0xa12f: 0x3837,
	0xa130: 0x3828,
	0xa131: 0xc729,
	0xa132: 0xd62a,
	0xa133: 0xe52b,
	0xa134: 0xf42c,
	0xa135: 0x832d,
	0xa136: 0x922e,
	0xa137: 0xa12f,
	0xa138: 0x8320,
	0xa139: 0x4f21,
	0xa13a: 0x5e22,
	0xa13b: 0x6d23,
	0xa13c: 0x7c24,
	0xa13d: 0x0b25,
	0xa13e: 0x1a26,
	0xa13f: 0x2927,
	0xa140: 0xc758,
	0xa141: 0x3859,
	0xa142: 0x295a,
	0xa143: 0x1a5b,
	0xa144: 0x0b5c,
	0xa145: 0x7c5d,
	0xa146: 0x6d5e,
	0xa147: 0x5e5f,
	0xa148: 0x5e50,
	0xa149: 0xb051,
	0xa14a: 0xa152,
	0xa14b: 0x9253,
	0xa14c: 0x8354,
	0xa14d: 0xf455,
	0xa14e: 0xe556,
	0xa14f: 0xd657,
	0xa150: 0xd648,
	0xa151: 0x2949,
	0xa152: 0x384a,
	0xa153: 0x0b4b,
	0xa154: 0x1a4c,
	0xa155: 0x6d4d,
	0xa156: 0x7c4e,
	0xa157: 0x4f4f,
	0xa158: 0xa140,
	0xa159: 0xa141,
	0xa15a: 0xb042,
	0xa15b: 0x8343,
	0xa15c: 0x9244,
	0xa15d: 0xe545,
	0xa15e: 0xf446,
	0xa15f: 0xc747,
	0xa160: 0xe578,
	0xa161: 0x1a79,
	0xa162: 0x0b7a,
	0xa163: 0x387b,
	0xa164: 0x297c,
	0xa165: 0x5e7d,
	0xa166: 0x4f7e,
	0xa167: 0x7c7f,
	0xa168: 0x7c70,
	0xa169: 0x9271,
	0xa16a: 0x8372,
	0xa16b: 0xb073,
	0xa16c: 0xa174,
	0xa16d: 0xd675,
	0xa16e: 0xc776,
	0xa16f: 0xf477,
	0xa170: 0xf468,
	0xa171: 0x0b69,
	0xa172: 0x1a6a,
	0xa173: 0x296b,
	0xa174: 0x386c,
	0xa175: 0x4f6d,
	0xa176: 0x5e6e,
	0xa177: 0x6d6f,
	0xa178: 0x4f60,
	0xa179: 0x8361,
	0xa17a: 0x9262,
	0xa17b: 0xa163,
	0xa17c: 0xb064,
	0xa17d: 0xc765,
	0xa17e: 0xd666,
	0xa17f: 0xe567,
	0xa180: 0x8398,
	0xa181: 0x7c99,
	0xa182: 0x6d9a,
	0xa183: 0x5e9b,
	0xa184: 0x4f9c,
	0xa185: 0x389d,
	0xa186: 0x299e,
	0xa187: 0x1a9f,
	0xa188: 0x1a90,
	0xa189: 0xf491,
	0xa18a: 0xe592,
	0xa18b: 0xd693,
	0xa18c: 0xc794,
	0xa18d: 0xb095,
	0xa18e: 0xa196,
	0xa18f: 0x9297,
	0xa190: 0x9288,
	0xa191: 0x6d89,
	0xa192: 0x7c8a,
	0xa193: 0x4f8b,
	0xa194: 0x5e8c,
	0xa195: 0x298d,
	0xa196: 0x388e,
	0xa197: 0x0b8f,
	0xa198: 0x6d80,
	0xa199: 0xe581,
	0xa19a: 0xf482,
	0xa19b: 0xc783,
	0xa19c: 0xd684,
	0xa19d: 0xa185,
	0xa19e: 0xb086,
	0xa19f: 0x8387,
	0xa1a0: 0xa1b8,
	0xa1a1: 0x5eb9,
	0xa1a2: 0x4fba,
	0xa1a3: 0x7cbb,
	0xa1a4: 0x6dbc,
	0xa1a5: 0x1abd,
	0xa1a6: 0x0bbe,
	0xa1a7: 0x38bf,
	0xa1a8: 0x38b0,
	0xa1a9: 0xd6b1,
	0xa1aa: 0xc7b2,
	0xa1ab: 0xf4b3,
	0xa1ac: 0xe5b4,
	0xa1ad: 0x92b5,
	0xa1ae: 0x83b6,
	0xa1af: 0xb0b7,
	0xa1b0: 0xb0a8,
	0xa1b1: 0x4fa9,
	0xa1b2: 0x5eaa,
	0xa1b3: 0x6dab,
	0xa1b4: 0x7cac,
	0xa1b5: 0x0bad,
	0xa1b6: 0x1aae,
	0xa1b7: 0x29af,
	0xa1b8: 0x0ba0,
	0xa1b9: 0xc7a1,
	0xa1ba: 0xd6a2,
	0xa1bb: 0xe5a3,
	0xa1bc: 0xf4a4,
	0xa1bd: 0x83a5,
	0xa1be: 0x92a6,
	0xa1bf: 0xa1a7,
	0xa1c0: 0x4fd8,
	0xa1c1: 0xb0d9,
	0xa1c2: 0xa1da,
	0xa1c3: 0x92db,
	0xa1c4: 0x83dc,
	0xa1c5: 0xf4dd,
	0xa1c6: 0xe5de,
	0xa1c7: 0xd6df,
	0xa1c8: 0xd6d0,
	0xa1c9: 0x38d1,
	0xa1ca: 0x29d2,
	0xa1cb: 0x1ad3,
	0xa1cc: 0x0bd4,
	0xa1cd: 0x7cd5,
	0xa1ce: 0x6dd6,
	0xa1cf: 0x5ed7,
	0xa1d0: 0x5ec8,
	0xa1d1: 0xa1c9,
	0xa1d2: 0xb0ca,
	0xa1d3: 0x83cb,
	0xa1d4: 0x92cc,
	0xa1d5: 0xe5cd,
	0xa1d6: 0xf4ce,
	0xa1d7: 0xc7cf,
	0xa1d8: 0x29c0,
	0xa1d9: 0x29c1,
	0xa1da: 0x38c2,
	0xa1db: 0x0bc3,
	0xa1dc: 0x1ac4,
	0xa1dd: 0x6dc5,
	0xa1de: 0x7cc6,
	0xa1df: 0x4fc7,
	0xa1e0: 0x6df8,
	0xa1e1: 0x92f9,
	0xa1e2: 0x83fa,
	0xa1e3: 0xb0fb,
	0xa1e4: 0xa1fc,
	0xa1e5: 0xd6fd,
	0xa1e6: 0xc7fe,
	0xa1e7: 0xf4ff,
	0xa1e8: 0xf4f0,
	0xa1e9: 0x1af1,
	0xa1ea: 0x0bf2,
	0xa1eb: 0x38f3,
	0xa1ec: 0x29f4,
	0xa1ed: 0x5ef5,
	0xa1ee: 0x4ff6,
	0xa1ef: 0x7cf7,
	0xa1f0: 0x7ce8,
	0xa1f1: 0x83e9,
	0xa1f2: 0x92ea,
	0xa1f3: 0xa1eb,
	0xa1f4: 0xb0ec,
	0xa1f5: 0xc7ed,
	0xa1f6: 0xd6ee,
	0xa1f7: 0xe5ef,
	0xa1f8: 0xc7e0,
	0xa1f9: 0x0be1,
	0xa1fa: 0x1ae2,
	0xa1fb: 0x29e3,
	0xa1fc: 0x38e4,
	0xa1fd: 0x4fe5,
	0xa1fe: 0x5ee6,
	0xa1ff: 0x6de7,
	0xa200: 0xb31d,
	0xa201: 0xc41c,
	0xa202: 0x911f,
	0xa203: 0xa21e,
	0xa204: 0xf719,
	0xa205: 0x0818,
	0xa206: 0xd51b,
	0xa207: 0xe61a,
	0xa208: 0x3b15,
	0xa209: 0x4c14,
	0xa20a: 0x1917,
	0xa20b: 0x2a16,
	0xa20c: 0x7f11,
	0xa20d: 0x9110,
	0xa20e: 0x5d13,
	0xa20f: 0x6e12,
	0xa210: 0xa20d,
	0xa211: 0xd50c,
	0xa212: 0x800f,
	0xa213: 0xb30e,
	0xa214: 0xe609,
	0xa215: 0x1908,
	0xa216: 0xc40b,
	0xa217: 0xf70a,
	0xa218: 0x2a05,
	0xa219: 0x5d04,
	0xa21a: 0x0807,
	0xa21b: 0x3b06,
	0xa21c: 0x6e01,
	0xa21d: 0xe600,
	0xa21e: 0x4c03,
	0xa21f: 0x7f02,
	0xa220: 0x913d,
	0xa221: 0xe63c,
	0xa222: 0xb33f,
	0xa223: 0x803e,
	0xa224: 0xd539,
	0xa225: 0x2a38,
	0xa226: 0xf73b,
	0xa227: 0xc43a,
	0xa228: 0x1935,
	0xa229: 0x6e34,
	0xa22a: 0x3b37,
	0xa22b: 0x0836,
	0xa22c: 0x5d31,
	0xa22d: 0xb330,
	0xa22e: 0x7f33,
	0xa22f: 0x4c32,
	0xa230: 0x802d,
	0xa231: 0xf72c,
	0xa232: 0xa22f,
	0xa233: 0x912e,
	0xa234: 0xc429,
	0xa235: 0x3b28,
	0xa236: 0xe62b,
	0xa237: 0xd52a,
	0xa238: 0x0825,
	0xa239: 0x7f24,
	0xa23a: 0x2a27,
	0xa23b: 0x1926,
	0xa23c: 0x4c21,
	0xa23d: 0x8020,
	0xa23e: 0x6e23,
	0xa23f: 0x5d22,
	0xa240: 0x7f5d,
	0xa241: 0x085c,
	0xa242: 0x5d5f,
	0xa243: 0x6e5e,
	0xa244: 0x3b59,
	0xa245: 0xc458,
	0xa246: 0x195b,
	0xa247: 0x2a5a,
	0xa248: 0xf755,
	0xa249: 0x8054,
	0xa24a: 0xd557,
	0xa24b: 0xe656,
	0xa24c: 0xb351,
	0xa300: 0x5c22,
	0xa301: 0x6f23,
	0xa400: 0x2c27,
	0xa401: 0x1f26,
	0xa500: 0xf02c,
	0xa501: 0x872d,
	0xa600: 0x5931,
	0xa601: 0xb730,
	0xa700: 0x0d36,
	0xa701: 0x3e37,
	0xa800: 0xfd3b,
	0xa801: 0xce3a,
	0xa802: 0xdf39,
	0xa803: 0x2038,
	0xa804: 0xb93f,
	0xa805: 0x8a3e,
	0xa806: 0x9b3d,
	0xa807: 0xec3c,
	0xa808: 0x7533,
	0xa809: 0x4632,
	0xa80a: 0x5731,
	0xa80b: 0xb930,
	0xa80c: 0x3137,
	0xa80d: 0x0236,
	0xa80e: 0x1335,
	0xa80f: 0x6434,
	0xa810: 0xec2b,
	0xa811: 0xdf2a,
	0xa812: 0xce29,
	0xa813: 0x3128,
	0xa814: 0xa82f,
	0xa815: 0x9b2e,
	0xa816: 0x8a2d,
	0xa817: 0xfd2c,
	0xa818: 0x6423,
	0xa819: 0x5722,
	0xa81a: 0x4621,
	0xa81b: 0x8a20,
	0xa81c: 0x2027,
	0xa81d: 0x1326,
	0xa81e: 0x0225,
	0xa81f: 0x7524,
	0xa820: 0xdf1b,
	0xa821: 0xec1a,
	0xa822: 0xfd19,
	0xa823: 0x0218,
	0xa824: 0x9b1f,
	0xa825: 0xa81e,
	0xa826: 0xb91d,
	0xa827: 0xce1c,
	0xa828: 0x5713,
	0xa829: 0x6412,
	0xa82a: 0x7511,
	0xa82b: 0x9b10,
	0xa82c: 0x1317,
	0xa82d: 0x2016,
	0xa82e: 0x3115,
	0xa82f: 0x4614,
	0xa830: 0xce0b,
	0xa831: 0xfd0a,
	0xa832: 0xec09,
	0xa833: 0x1308,
	0xa834: 0x8a0f,
	0xa835: 0xb90e,
	0xa836: 0xa80d,
	0xa837: 0xdf0c,
	0xa838: 0x4603,
	0xa839: 0x7502,
	0xa83a: 0x6401,
	0xa83b: 0xec00,
	0xa83c: 0x0207,
	0xa83d: 0x3106,
	0xa83e: 0x2005,
	0xa83f: 0x5704,
	0xa840: 0x317b,
	0xa841: 0x027a,
	0xa842: 0x1379,
	0xa843: 0xec78,
	0xa844: 0x757f,
	0xa845: 0x467e,
	0xa846: 0x577d,
	0xa847: 0x207c,
	0xa848: 0xb973,
	0xa849: 0x8a72,
	0xa84a: 0x9b71,
	0xa84b: 0x7570,
	0xa84c: 0xfd77,
	0xa84d: 0xce76,
	0xa84e: 0xdf75,
	0xa84f: 0xa874,
	0xa850: 0x206b,
	0xa851: 0x136a,
	0xa852: 0x0269,
	0xa853: 0xfd68,
	0xa854: 0x646f,
	0xa855: 0x576e,
	0xa856: 0x466d,
	0xa857: 0x316c,
	0xa858: 0xa863,
	0xa859: 0x9b62,
	0xa85a: 0x8a61,
	0xa85b: 0x4660,
	0xa85c: 0xec67,
	0xa85d: 0xdf66,
	0xa85e: 0xce65,
	0xa85f: 0xb964,
	0xa860: 0x135b,
	0xa861: 0x205a,
	0xa862: 0x3159,
	0xa863: 0xce58,
	0xa864: 0x575f,
	0xa865: 0x645e,
	0xa866: 0x755d,
	0xa867: 0x025c,
	0xa868: 0x9b53,
	0xa869: 0xa852,
	0xa86a: 0xb951,
	0xa86b: 0x5750,
	0xa86c: 0xdf57,
	0xa86d: 0xec56,
	0xa86e: 0xfd55,
	0xa86f: 0x8a54,
	0xa870: 0x024b,
	0xa871: 0x314a,
	0xa872: 0x2049,
	0xa873: 0xdf48,
	0xa874: 0x464f,
	0xa875: 0x754e,
	0xa876: 0x644d,
	0xa877: 0x134c,
	0xa878: 0x8a43,
	0xa879: 0xb942,
	0xa87a: 0xa841,
	0xa87b: 0xa840,
	0xa87c: 0xce47,
	0xa87d: 0xfd46,
	0xa87e: 0xec45,
	0xa87f: 0x9b44,
	0xa880: 0x75bb,
	0xa881: 0x46ba,
	0xa882: 0x57b9,
	0xa883: 0xa8b8,
	0xa884: 0x31bf,
	0xa885: 0x02be,
	0xa886: 0x13bd,
	0xa887: 0x64bc,
	0xa888: 0xfdb3,
	0xa889: 0xceb2,
	0xa88a: 0xdfb1,
	0xa88b: 0x31b0,
	0xa88c: 0xb9b7,
	0xa88d: 0x8ab6,
	0xa88e: 0x9bb5,
	0xa88f: 0xecb4,
	0xa890: 0x64ab,
	0xa891: 0x57aa,
	0xa892: 0x46a9,
	0xa893: 0xb9a8,
	0xa894: 0x20af,
	0xa895: 0x13ae,
	0xa896: 0x02ad,
	0xa897: 0x75ac,
	0xa898: 0xeca3,
	0xa899: 0xdfa2,
	0xa89a: 0xcea1,
	0xa89b: 0x02a0,
	0xa89c: 0xa8a7,
	0xa89d: 0x9ba6,
	0xa89e: 0x8aa5,
	0xa89f: 0xfda4,
	0xa8a0: 0x579b,
	0xa8a1: 0x649a,
	0xa8a2: 0x7599,
	0xa8a3: 0x8a98,
	0xa8a4: 0x139f,
	0xa8a5: 0x209e,
	0xa8a6: 0x319d,
	0xa8a7: 0x469c,
	0xa8a8: 0xdf93,
	0xa8a9: 0xec92,
	0xa8aa: 0xfd91,
	0xa8ab: 0x1390,
	0xa8ac: 0x9b97,
	0xa8ad: 0xa896,
	0xa8ae: 0xb995,
	0xa8af: 0xce94,
	0xa8b0: 0x468b,
	0xa8b1: 0x758a,
	0xa8b2: 0x6489,
	0xa8b3: 0x9b88,
	0xa8b4: 0x028f,
	0xa8b5: 0x318e,
	0xa8b6: 0x208d,
	0xa8b7: 0x578c,
	0xa8b8: 0xce83,
	0xa8b9: 0xfd82,
	0xa8ba: 0xec81,
	0xa8bb: 0x6480,
	0xa8bc: 0x8a87,
	0xa8bd: 0xb986,
	0xa8be: 0xa885,
	0xa8bf: 0xdf84,
	0xa8c0: 0xb9fb,
	0xa8c1: 0x8afa,
	0xa8c2: 0x9bf9,
	0xa8c3: 0x64f8,
	0xa8c4: 0xfdff,
	0xa8c5: 0xcefe,
	0xa8c6: 0xdffd,
	0xa8c7: 0xa8fc,
	0xa8c8: 0x31f3,
	0xa8c9: 0x02f2,
	0xa8ca: 0x13f1,
	0xa8cb: 0xfdf0,
	0xa8cc: 0x75f7,
	0xa8cd: 0x46f6,
	0xa8ce: 0x57f5,
	0xa8cf: 0x20f4,
	0xa8d0: 0xa8eb,
	0xa8d1: 0x9bea,
	0xa8d2: 0x8ae9,
	0xa8d3: 0x75e8,
	0xa8d4: 0xecef,
	0xa8d5: 0xdfee,
	0xa8d6: 0xceed,
	0xa8d7: 0xb9ec,
	0xa8d8: 0x20e3,
	0xa8d9: 0x13e2,
	0xa8da: 0x02e1,
	0xa8db: 0xcee0,
	0xa8dc: 0x64e7,
	0xa8dd: 0x57e6,
	0xa8de: 0x46e5,
	0xa8df: 0x31e4,
	0xa8e0: 0x9bdb,
	0xa8e1: 0xa8da,
	0xa8e2: 0xb9d9,
	0xa8e3: 0x46d8,
	0xa8e4: 0xdfdf,
	0xa8e5: 0xecde,
	0xa8e6: 0xfddd,
	0xa8e7: 0x8adc,
	0xa8e8: 0x13d3,
	0xa8e9: 0x20d2,
	0xa8ea: 0x31d1,
	0xa8eb: 0xdfd0,
	0xa8ec: 0x57d7,
	0xa8ed: 0x64d6,
	0xa8ee: 0x75d5,
	0xa8ef: 0x02d4,
	0xa8f0: 0x8acb,
	0xa8f1: 0xb9ca,
	0xa8f2: 0xa8c9,
	0xa8f3: 0x57c8,
	0xa8f4: 0xcecf,
	0xa8f5: 0xfdce,
	0xa8f6: 0xeccd,
	0xa8f7: 0x9bcc,
	0xa8f8: 0x02c3,
	0xa8f9: 0x31c2,
	0xa8fa: 0x20c1,
	0xa8fb: 0x20c0,
	0xa8fc: 0x46c7,
	0xa8fd: 0x75c6,
	0xa8fe: 0x64c5,
	0xa8ff: 0x13c4,
	0xa900: 0xa941,
	0xa901: 0xa940,
	0xa902: 0x8b43,
	0xa903: 0xb842,
	0xa904: 0xed45,
	0xa905: 0x9a44,
	0xa906: 0xcf47,
	0xa907: 0xfc46,
	0xa908: 0x2149,
	0xa909: 0xde48,
	0xa90a: 0x034b,
	0xa90b: 0x304a,
	0xa90c: 0x654d,
	0xa90d: 0x124c,
	0xa90e: 0x474f,
	0xa90f: 0x744e,
	0xa910: 0xb851,
	0xa911: 0x5650,
	0xa912: 0x9a53,
	0xa913: 0xa952,
	0xa914: 0xfc55,
	0xa915: 0x8b54,
	0xa916: 0xde57,
	0xa917: 0xed56,
	0xa918: 0x3059,
	0xa919: 0xcf58,
	0xa91a: 0x125b,
	0xa91b: 0x215a,
	0xa91c: 0x745d,
	0xa91d: 0x035c,
	0xa91e: 0x565f,
	0xa91f: 0x655e,
	0xa920: 0x8b61,
	0xa921: 0x4760,
	0xa922: 0xa963,
	0xa923: 0x9a62,
	0xa924: 0xcf65,
	0xa925: 0xb864,
	0xa926: 0xed67,
	0xa927: 0xde66,
	0xa928: 0x0369,
	0xa929: 0xfc68,
	0xa92a: 0x216b,
	0xa92b: 0x126a,
	0xa92c: 0x476d,
	0xa92d: 0x306c,
	0xa92e: 0x656f,
	0xa92f: 0x566e,
	0xa930: 0x9a71,
	0xa931: 0x7470,
	0xa932: 0xb873,
	0xa933: 0x8b72,
	0xa934: 0xde75,
	0xa935: 0xa974,
	0xa936: 0xfc77,
	0xa937: 0xcf76,
	0xa938: 0x1279,
	0xa939: 0xed78,
	0xa93a: 0x307b,
	0xa93b: 0x037a,
	0xa93c: 0x567d,
	0xa93d: 0x217c,
	0xa93e: 0x747f,
	0xa93f: 0x477e,
	0xa940: 0x6501,
	0xa941: 0xed00,
	0xa942: 0x4703,
	0xa943: 0x7402,
	0xa944: 0x2105,
	0xa945: 0x5604,
	0xa946: 0x0307,
	0xa947: 0x3006,
	0xa948: 0xed09,
	0xa949: 0x1208,
	0xa94a: 0xcf0b,
	0xa94b: 0xfc0a,
	0xa94c: 0xa90d,
	0xa94d: 0xde0c,
	0xa94e: 0x8b0f,
	0xa94f: 0xb80e,
	0xa950: 0x7411,
	0xa951: 0x9a10,
	0xa952: 0x5613,
	0xa953: 0x6512,
	0xa954: 0x3015,
	0xa955: 0x4714,
	0xa956: 0x1217,
	0xa957: 0x2116,
	0xa958: 0xfc19,
	0xa959: 0x0318,
	0xa95a: 0xde1b,
	0xa95b: 0xed1a,
	0xa95c: 0xb81d,
	0xa95d: 0xcf1c,
	0xa95e: 0x9a1f,
	0xa95f: 0xa91e,
	0xa960: 0x4721,
	0xa961: 0x8b20,
	0xa962: 0x6523,
	0xa963: 0x5622,
	0xa964: 0x0325,
	0xa965: 0x7424,
	0xa966: 0x2127,
	0xa967: 0x1226,
	0xa968: 0xcf29,
	0xa969: 0x3028,
	0xa96a: 0xed2b,
	0xa96b: 0xde2a,
	0xa96c: 0x8b2d,
	0xa96d: 0xfc2c,
	0xa96e: 0xa92f,
	0xa96f: 0x9a2e,
	0xa970: 0x5631,
	0xa971: 0xb830,
	0xa972: 0x7433,
	0xa973: 0x4732,
	0xa974: 0x1235,
	0xa975: 0x6534,
	0xa976: 0x3037,
	0xa977: 0x0336,
	0xa978: 0xde39,
	0xa979: 0x2138,
	0xa97a: 0xfc3b,
	0xa97b: 0xcf3a,
	0xa97c: 0x9a3d,
	0xa97d: 0xed3c,
	0xa97e: 0xb83f,
	0xa97f: 0x8b3e,
	0xa980: 0x21c1,
	0xa981: 0x21c0,
	0xa982: 0x03c3,
	0xa983: 0x30c2,
	0xa984: 0x65c5,
	0xa985: 0x12c4,
	0xa986: 0x47c7,
	0xa987: 0x74c6,
	0xa988: 0xa9c9,
	0xa989: 0x56c8,
	0xa98a: 0x8bcb,
	0xa98b: 0xb8ca,
	0xa98c: 0xedcd,
	0xa98d: 0x9acc,
	0xa98e: 0xcfcf,
	0xa98f: 0xfcce,
	0xa990: 0x30d1,
	0xa991: 0xded0,
	0xa992: 0x12d3,
	0xa993: 0x21d2,
	0xa994: 0x74d5,
	0xa995: 0x03d4,
	0xa996: 0x56d7,
	0xa997: 0x65d6,
	0xa998: 0xb8d9,
	0xa999: 0x47d8,
	0xa99a: 0x9adb,
	0xa99b: 0xa9da,
	0xa99c: 0xfcdd,
	0xa99d: 0x8bdc,
	0xa99e: 0xdedf,
	0xa99f: 0xedde,
	0xa9a0: 0x03e1,
	0xa9a1: 0xcfe0,
	0xa9a2: 0x21e3,
	0xa9a3: 0x12e2,
	0xa9a4: 0x47e5,
	0xa9a5: 0x30e4,
	0xa9a6: 0x65e7,
	0xa9a7: 0x56e6,
	0xa9a8: 0x8be9,
	0xa9a9: 0x74e8,
	0xa9aa: 0xa9eb,
	0xa9ab: 0x9aea,
	0xa9ac: 0xcfed,
	0xa9ad: 0xb8ec,
	0xa9ae: 0xedef,
	0xa9af: 0xdeee,
	0xa9b0: 0x12f1,
	0xa9b1: 0xfcf0,
	0xa9b2: 0x30f3,
	0xa9b3: 0x03f2,
	0xa9b4: 0x56f5,
	0xa9b5: 0x21f4,
	0xa9b6: 0x74f7,
	0xa9b7: 0x47f6,
	0xa9b8: 0x9af9,
	0xa9b9: 0x65f8,
	0xa9ba: 0xb8fb,
	0xa9bb: 0x8bfa,
	0xa9bc: 0xdefd,
	0xa9bd: 0xa9fc,
	0xa9be: 0xfcff,
	0xa9bf: 0xcffe,
	0xa9c0: 0xed81,
	0xa9c1: 0x6580,
	0xa9c2: 0xcf83,
	0xa9c3: 0xfc82,
	0xa9c4: 0xa985,
	0xa9c5: 0xde84,
	0xa9c6: 0x8b87,
	0xa9c7: 0xb886,
	0xa9c8: 0x6589,
	0xa9c9: 0x9a88,
	0xa9ca: 0x478b,
	0xa9cb: 0x748a,
	0xa9cc: 0x218d,
	0xa9cd: 0x568c,
	0xa9ce: 0x038f,
	0xa9cf: 0x308e,
	0xa9d0: 0xfc91,
	0xa9d1: 0x1290,
	0xa9d2: 0xde93,
	0xa9d3: 0xed92,
	0xa9d4: 0xb895,
	0xa9d5: 0xcf94,
	0xa9d6: 0x9a97,
	0xa9d7: 0xa996,
	0xa9d8: 0x7499,
	0xa9d9: 0x8b98,
	0xa9da: 0x569b,
	0xa9db: 0x659a,
	0xa9dc: 0x309d,
	0xa9dd: 0x479c,
	0xa9de: 0x129f,
	0xa9df: 0x219e,
	0xa9e0: 0xcfa1,
	0xa9e1: 0x03a0,
	0xa9e2: 0xeda3,
	0xa9e3: 0xdea2,
	0xa9e4: 0x8ba5,
	0xa9e5: 0xfca4,
	0xa9e6: 0xa9a7,
	0xa9e7: 0x9aa6,
	0xa9e8: 0x47a9,
	0xa9e9: 0xb8a8,
	0xa9ea: 0x65ab,
	0xa9eb: 0x56aa,
	0xa9ec: 0x03ad,
	0xa9ed: 0x74ac,
	0xa9ee: 0x21af,
	0xa9ef: 0x12ae,
	0xa9f0: 0xdeb1,
	0xa9f1: 0x30b0,
	0xa9f2: 0xfcb3,
	0xa9f3: 0xcfb2,
	0xa9f4: 0x9ab5,
	0xa9f5: 0xedb4,
	0xa9f6: 0xb8b7,
	0xa9f7: 0x8bb6,
	0xa9f8: 0x56b9,
	0xa9f9: 0xa9b8,
	0xa9fa: 0x74bb,
	0xa9fb: 0x47ba,
	0xa9fc: 0x12bd,
	0xa9fd: 0x65bc,
	0xa9fe: 0x30bf,
	0xa9ff: 0x03be,
	0xaa00: 0xff46,
	0xaa01: 0xcc47,
	0xaa02: 0x9944,
	0xaa03: 0xee45,
	0xaa04: 0xbb42,
	0xaa05: 0x8843,
	0xaa06: 0xaa40,
	0xaa07: 0xaa41,
	0xaa08: 0x774e,
	0xaa09: 0x444f,
	0xaa0a: 0x114c,
	0xaa0b: 0x664d,
	0xaa0c: 0x334a,
	0xaa0d: 0x004b,
	0xaa0e: 0xdd48,
	0xaa0f: 0x2249,
	0xaa10: 0xee56,
	0xaa11: 0xdd57,
	0xaa12: 0x8854,
	0xaa13: 0xff55,
	0xaa14: 0xaa52,
	0xaa15: 0x9953,
	0xaa16: 0x5550,
	0xaa17: 0xbb51,
	0xaa18: 0x665e,
	0xaa19: 0x555f,
	0xaa1a: 0x005c,
	0xaa1b: 0x775d,
	0xaa1c: 0x225a,
	0xaa1d: 0x115b,
	0xaa1e: 0xcc58,
	0xaa1f: 0x3359,
	0xaa20: 0xdd66,
	0xaa21: 0xee67,
	0xaa22: 0xbb64,
	0xaa23: 0xcc65,
	0xaa24: 0x9962,
	0xaa25: 0xaa63,
	0xaa26: 0x4460,
	0xaa27: 0x8861,
	0xaa28: 0x556e,
	0xaa29: 0x666f,
	0xaa2a: 0x336c,
	0xaa2b: 0x446d,
	0xaa2c: 0x116a,
	0xaa2d: 0x226b,
	0xaa2e: 0xff68,
	0xaa2f: 0x0069,
	0xaa30: 0xcc76,
	0xaa31: 0xff77,
	0xaa32: 0xaa74,
	0xaa33: 0xdd75,
	0xaa34: 0x8872,
	0xaa35: 0xbb73,
	0xaa36: 0x7770,
	0xaa37: 0x9971,
	0xaa38: 0x447e,
	0xaa39: 0x777f,
	0xaa3a: 0x227c,
	0xaa3b: 0x557d,
	0xaa3c: 0x007a,
	0xaa3d: 0x337b,
	0xaa3e: 0xee78,
	0xaa3f: 0x1179,
	0xaa40: 0x3306,
	0xaa41: 0x0007,
	0xaa42: 0x5504,
	0xaa43: 0x2205,
	0xaa44: 0x7702,
	0xaa45: 0x4403,
	0xaa46: 0xee00,
	0xaa47: 0x6601,
	0xaa48: 0xbb0e,
	0xaa49: 0x880f,
	0xaa4a: 0xdd0c,
	0xaa4b: 0xaa0d,
	0xaa4c: 0xff0a,
	0xaa4d: 0xcc0b,
	0xaa4e: 0x1108,
	0xaa4f: 0xee09,
	0xab00: 0x014b,
	0xab01: 0x324a,
	0xac00: 0x5350,
	0xac01: 0xbd51,
	0xad00: 0xf855,
	0xad01: 0x8f54,
	0xae00: 0x265a,
	0xae01: 0x155b,
	0xaf00: 0x505f,
	0xaf01: 0x635e,
	0xb000: 0xa164,
	0xb001: 0xd665,
	0xb100: 0x1b69,
	0xb101: 0xe468,
	0xb200: 0x4d6e,
	0xb201: 0x7e6f,
	0xb300: 0xa273,
	0xb301: 0x9172,
	0xb400: 0xf078,
	0xb401: 0x0f79,
	0xb500: 0x4a7d,
	0xb501: 0x3d7c,
	0xb600: 0xe382,
	0xb601: 0xd083,
	0xb700: 0x9587,
	0xb701: 0xa686,
	0xb800: 0x478c,
	0xb801: 0x308d,
	0xb900: 0xec91,
	0xb901: 0x0290,
	0xba00: 0xba96,
	0xba01: 0x8997,
	0xbb00: 0x449b,
	0xbb01: 0x779a,
	0xbc00: 0x16a0,
	0xbc01: 0xdaa1,
	0xbd00: 0x9fa5,
	0xbd01: 0xe8a4,
	0xbe00: 0x41aa,
	0xbe01: 0x72ab,
	0xbf00: 0x37af,
	0xbf01: 0x04ae,
	0xc000: 0x84b4,
	0xc001: 0xf3b5,
	0xc002: 0xe2b6,
	0xc003: 0xd1b7,
	0xc004: 0x59b0,
	0xc005: 0xb7b1,
	0xc006: 0xa6b2,
	0xc007: 0x95b3,
	0xc008: 0x0cbc,
	0xc009: 0x7bbd,
	0xc00a: 0x6abe,
	0xc00b: 0x59bf,
	0xc00c: 0xc0b8,
	0xc00d: 0x3fb9,
	0xc00e: 0x2eba,
	0xc00f: 0x1dbb,
	0xc010: 0x95a4,
	0xc011: 0xe2a5,
	0xc012: 0xf3a6,
	0xc013: 0xc0a7,
	0xc014: 0x6aa0,
	0xc015: 0xa6a1,
	0xc016: 0xb7a2,
	0xc017: 0x84a3,
	0xc018: 0x1dac,
	0xc019: 0x6aad,
	0xc01a: 0x7bae,
	0xc01b: 0x48af,
	0xc01c: 0xd1a8,
	0xc01d: 0x2ea9,
	0xc01e: 0x3faa,
	0xc01f: 0x0cab,
	0xc020: 0xa694,
	0xc021: 0xd195,
	0xc022: 0xc096,
	0xc023: 0xf397,
	0xc024: 0x7b90,
	0xc025: 0x9591,
	0xc026: 0x8492,
	0xc027: 0xb793,
	0xc028: 0x2e9c,
	0xc029: 0x599d,
	0xc02a: 0x489e,
	0xc02b: 0x7b9f,
	0xc02c: 0xe298,
	0xc02d: 0x1d99,
	0xc02e: 0x0c9a,
	0xc02f: 0x3f9b,
	0xc030: 0xb784,
	0xc031: 0xc085,
	0xc032: 0xd186,
	0xc033: 0xe287,
	0xc034: 0x0c80,
	0xc035: 0x8481,
	0xc036: 0x9582,
	0xc037: 0xa683,
	0xc038: 0x3f8c,
	0xc039: 0x488d,
	0xc03a: 0x598e,
	0xc03b: 0x6a8f,
	0xc03c: 0xf388,
	0xc03d: 0x0c89,
	0xc03e: 0x1d8a,
	0xc03f: 0x2e8b,
	0xc040: 0x48f4,
	0xc041: 0x3ff5,
	0xc042: 0x2ef6,
	0xc043: 0x1df7,
	0xc044: 0x95f0,
	0xc045: 0x7bf1,
	0xc046: 0x6af2,
	0xc047: 0x59f3,
	0xc048: 0xc0fc,
	0xc049: 0xb7fd,
	0xc04a: 0xa6fe,
	0xc04b: 0x95ff,
	0xc04c: 0x0cf8,
	0xc04d: 0xf3f9,
	0xc04e: 0xe2fa,
	0xc04f: 0xd1fb,
	0xc050: 0x59e4,
	0xc051: 0x2ee5,
	0xc052: 0x3fe6,
	0xc053: 0x0ce7,
	0xc054: 0xa6e0,
	0xc055: 0x6ae1,
	0xc056: 0x7be2,
	0xc057: 0x48e3,
	0xc058: 0xd1ec,
	0xc059: 0xa6ed,
	0xc05a: 0xb7ee,
	0xc05b: 0x84ef,
	0xc05c: 0x1de8,
	0xc05d: 0xe2e9,
	0xc05e: 0xf3ea,
	0xc05f: 0xc0eb,
	0xc060: 0x6ad4,
	0xc061: 0x1dd5,
	0xc062: 0x0cd6,
	0xc063: 0x3fd7,
	0xc064: 0xb7d0,
	0xc065: 0x59d1,
	0xc066: 0x48d2,
	0xc067: 0x7bd3,
	0xc068: 0xe2dc,
	0xc069: 0x95dd,
	0xc06a: 0x84de,
	0xc06b: 0xb7df,
	0xc06c: 0x2ed8,
	0xc06d: 0xd1d9,
	0xc06e: 0xc0da,
	0xc06f: 0xf3db,
	0xc070: 0x7bc4,
	0xc071: 0x0cc5,
	0xc072: 0x1dc6,
	0xc073: 0x2ec7,
	0xc074: 0x48c0,
	0xc075: 0x48c1,
	0xc076: 0x59c2,
	0xc077: 0x6ac3,
	0xc078: 0xf3cc,
	0xc079: 0x84cd,
	0xc07a: 0x95ce,
	0xc07b: 0xa6cf,
	0xc07c: 0x3fc8,
	0xc07d: 0xc0c9,
	0xc07e: 0xd1ca,
	0xc07f: 0xe2cb,
	0xc080: 0x0c34,
	0xc081: 0x7b35,
	0xc082: 0x6a36,
	0xc083: 0x5937,
	0xc084: 0xd130,
	0xc085: 0x3f31,
	0xc086: 0x2e32,
	0xc087: 0x1d33,
	0xc088: 0x843c,
	0xc089: 0xf33d,
	0xc08a: 0xe23e,
	0xc08b: 0xd13f,
	0xc08c: 0x4838,
	0xc08d: 0xb739,
	0xc08e: 0xa63a,
	0xc08f: 0x953b,
	0xc090: 0x1d24,
	0xc091: 0x6a25,
	0xc092: 0x7b26,
	0xc093: 0x4827,
	0xc094: 0xe220,
	0xc095: 0x2e21,
	0xc096: 0x3f22,
	0xc097: 0x0c23,
	0xc098: 0x952c,
	0xc099: 0xe22d,
	0xc09a: 0xf32e,
	0xc09b: 0xc02f,
	0xc09c: 0x5928,
	0xc09d: 0xa629,
	0xc09e: 0xb72a,
	0xc09f: 0x842b,
	0xc0a0: 0x2e14,
	0xc0a1: 0x5915,
	0xc0a2: 0x4816,
	0xc0a3: 0x7b17,
	0xc0a4: 0xf310,
	0xc0a5: 0x1d11,
	0xc0a6: 0x0c12,
	0xc0a7: 0x3f13,
	0xc0a8: 0xa61c,
	0xc0a9: 0xd11d,
	0xc0aa: 0xc01e,
	0xc0ab: 0xf31f,
	0xc0ac: 0x6a18,
	0xc0ad: 0x9519,
	0xc0ae: 0x841a,
	0xc0af: 0xb71b,
	0xc0b0: 0x3f04,
	0xc0b1: 0x4805,
	0xc0b2: 0x5906,
	0xc0b3: 0x6a07,
	0xc0b4: 0x8400,
	0xc0b5: 0x0c01,
	0xc0b6: 0x1d02,
	0xc0b7: 0x2e03,
	0xc0b8: 0xb70c,
	0xc0b9: 0xc00d,
	0xc0ba: 0xd10e,
	0xc0bb: 0xe20f,
	0xc0bc: 0x7b08,
	0xc0bd: 0x8409,
	0xc0be: 0x950a,
	0xc0bf: 0xa60b,
	0xc0c0: 0xc074,
	0xc0c1: 0xb775,
	0xc0c2: 0xa676,
	0xc0c3: 0x9577,
	0xc0c4: 0x1d70,
	0xc0c5: 0xf371,
	0xc0c6: 0xe272,
	0xc0c7: 0xd173,
	0xc0c8: 0x487c,
	0xc0c9: 0x3f7d,
	0xc0ca: 0x2e7e,
	0xc0cb: 0x1d7f,
	0xc0cc: 0x8478,
	0xc0cd: 0x7b79,
	0xc0ce: 0x6a7a,
	0xc0cf: 0x597b,
	0xc0d0: 0xd164,
	0xc0d1: 0xa665,
	0xc0d2: 0xb766,
	0xc0d3: 0x8467,
	0xc0d4: 0x2e60,
	0xc0d5: 0xe261,
	0xc0d6: 0xf362,
	0xc0d7: 0xc063,
	0xc0d8: 0x596c,
	0xc0d9: 0x2e6d,
	0xc0da: 0x3f6e,
	0xc0db: 0x0c6f,
	0xc0dc: 0x9568,
	0xc0dd: 0x6a69,
	0xc0de: 0x7b6a,
	0xc0df: 0x486b,
	0xc0e0: 0xe254,
	0xc0e1: 0x9555,
	0xc0e2: 0x8456,
	0xc0e3: 0xb757,
	0xc0e4: 0x3f50,
	0xc0e5: 0xd151,
	0xc0e6: 0xc052,
	0xc0e7: 0xf353,
	0xc0e8: 0x6a5c,
	0xc0e9: 0x1d5d,
	0xc0ea: 0x0c5e,
	0xc0eb: 0x3f5f,
	0xc0ec: 0xa658,
	0xc0ed: 0x5959,
	0xc0ee: 0x485a,
	0xc0ef: 0x7b5b,
	0xc0f0: 0xf344,
	0xc0f1: 0x8445,
	0xc0f2: 0x9546,
	0xc0f3: 0xa647,
	0xc0f4: 0xc040,
	0xc0f5: 0xc041,
	0xc0f6: 0xd142,
	0xc0f7: 0xe243,
	0xc0f8: 0x7b4c,
	0xc0f9: 0x0c4d,
	0xc0fa: 0x1d4e,
	0xc0fb: 0x2e4f,
	0xc0fc: 0xb748,
	0xc0fd: 0x4849,
	0xc0fe: 0x594a,
	0xc0ff: 0x6a4b,
	0xc100: 0x3eb9,
	0xc101: 0xc1b8,
	0xc102: 0x1cbb,
	0xc103: 0x2fba,
	0xc104: 0x7abd,
	0xc105: 0x0dbc,
	0xc106: 0x58bf,
	0xc107: 0x6bbe,
	0xc108: 0xb6b1,
	0xc109: 0x58b0,
	0xc10a: 0x94b3,
	0xc10b: 0xa7b2,
	0xc10c: 0xf2b5,
	0xc10d: 0x85b4,
	0xc10e: 0xd0b7,
	0xc10f: 0xe3b6,
	0xc110: 0x2fa9,
	0xc111: 0xd0a8,
	0xc112: 0x0dab,
	0xc113: 0x3eaa,
	0xc114: 0x6bad,
	0xc115: 0x1cac,
	0xc116: 0x49af,
	0xc117: 0x7aae,
	0xc118: 0xa7a1,
	0xc119: 0x6ba0,
	0xc11a: 0x85a3,
	0xc11b: 0xb6a2,
	0xc11c: 0xe3a5,
	0xc11d: 0x94a4,
	0xc11e: 0xc1a7,
	0xc11f: 0xf2a6,
	0xc120: 0x1c99,
	0xc121: 0xe398,
	0xc122: 0x3e9b,
	0xc123: 0x0d9a,
	0xc124: 0x589d,
	0xc125: 0x2f9c,
	0xc126: 0x7a9f,
	0xc127: 0x499e,
	0xc128: 0x9491,
	0xc129: 0x7a90,
	0xc12a: 0xb693,
	0xc12b: 0x8592,
	0xc12c: 0xd095,
	0xc12d: 0xa794,
	0xc12e: 0xf297,
	0xc12f: 0xc196,
	0xc130: 0x0d89,
	0xc131: 0xf288,
	0xc132: 0x2f8b,
	0xc133: 0x1c8a,
	0xc134: 0x498d,
	0xc135: 0x3e8c,
	0xc136: 0x6b8f,
	0xc137: 0x588e,
	0xc138: 0x8581,
	0xc139: 0x0d80,
	0xc13a: 0xa783,
	0xc13b: 0x9482,
	0xc13c: 0xc185,
	0xc13d: 0xb684,
	0xc13e: 0xe387,
	0xc13f: 0xd086,
	0xc140: 0xf2f9,
	0xc141: 0x0df8,
	0xc142: 0xd0fb,
	0xc143: 0xe3fa,
	0xc144: 0xb6fd,
	0xc145: 0xc1fc,
	0xc146: 0x94ff,
	0xc147: 0xa7fe,
	0xc148: 0x7af1,
	0xc149: 0x94f0,
	0xc14a: 0x58f3,
	0xc14b: 0x6bf2,
	0xc14c: 0x3ef5,
	0xc14d: 0x49f4,
	0xc14e: 0x1cf7,
	0xc14f: 0x2ff6,
	0xc150: 0xe3e9,
	0xc151: 0x1ce8,
	0xc152: 0xc1eb,
	0xc153: 0xf2ea,
	0xc154: 0xa7ed,
	0xc155: 0xd0ec,
	0xc156: 0x85ef,
	0xc157: 0xb6ee,
	0xc158: 0x6be1,
	0xc159: 0xa7e0,
	0xc15a: 0x49e3,
	0xc15b: 0x7ae2,
	0xc15c: 0x2fe5,
	0xc15d: 0x58e4,
	0xc15e: 0x0de7,
	0xc15f: 0x3ee6,
	0xc160: 0xd0d9,
	0xc161: 0x2fd8,
	0xc162: 0xf2db,
	0xc163: 0xc1da,
	0xc164: 0x94dd,
	0xc165: 0xe3dc,
	0xc166: 0xb6df,
	0xc167: 0x85de,
	0xc168: 0x58d1,
	0xc169: 0xb6d0,
	0xc16a: 0x7ad3,
	0xc16b: 0x49d2,
	0xc16c: 0x1cd5,
	0xc16d: 0x6bd4,
	0xc16e: 0x3ed7,
	0xc16f: 0x0dd6,
	0xc170: 0xc1c9,
	0xc171: 0x3ec8,
	0xc172: 0xe3cb,
	0xc173: 0xd0ca,
	0xc174: 0x85cd,
	0xc175: 0xf2cc,
	0xc176: 0xa7cf,
	0xc177: 0x94ce,
	0xc178: 0x49c1,
	0xc179: 0x49c0,
	0xc17a: 0x6bc3,
	0xc17b: 0x58c2,
	0xc17c: 0x0dc5,
	0xc17d: 0x7ac4,
	0xc17e: 0x2fc7,
	0xc17f: 0x1cc6,
	0xc180: 0xb639,
	0xc181: 0x4938,
	0xc182: 0x943b,
	0xc183: 0xa73a,
	0xc184: 0xf23d,
	0xc185: 0x853c,
	0xc186: 0xd03f,
	0xc187: 0xe33e,
	0xc188: 0x3e31,
	0xc189: 0xd030,
	0xc18a: 0x1c33,
	0xc18b: 0x2f32,
	0xc18c: 0x7a35,
	0xc18d: 0x0d34,
	0xc18e: 0x5837,
	0xc18f: 0x6b36,
	0xc190: 0xa729,
	0xc191: 0x5828,
	0xc192: 0x852b,
	0xc193: 0xb62a,
	0xc194: 0xe32d,
	0xc195: 0x942c,
	0xc196: 0xc12f,
	0xc197: 0xf22e,
	0xc198: 0x2f21,
	0xc199: 0xe320,
	0xc19a: 0x0d23,
	0xc19b: 0x3e22,
	0xc19c: 0x6b25,
	0xc19d: 0x1c24,
	0xc19e: 0x4927,
	0xc19f: 0x7a26,
	0xc1a0: 0x9419,
	0xc1a1: 0x6b18,
	0xc1a2: 0xb61b,
	0xc1a3: 0x851a,
	0xc1a4: 0xd01d,
	0xc1a5: 0xa71c,
	0xc1a6: 0xf21f,
	0xc1a7: 0xc11e,
	0xc1a8: 0x1c11,
	0xc1a9: 0xf210,
	0xc1aa: 0x3e13,
	0xc1ab: 0x0d12,
	0xc1ac: 0x5815,
	0xc1ad: 0x2f14,
	0xc1ae: 0x7a17,
	0xc1af: 0x4916,
	0xc1b0: 0x8509,
	0xc1b1: 0x7a08,
	0xc1b2: 0xa70b,
	0xc1b3: 0x940a,
	0xc1b4: 0xc10d,
	0xc1b5: 0xb60c,
	0xc1b6: 0xe30f,
	0xc1b7: 0xd00e,
	0xc1b8: 0x0d01,
	0xc1b9: 0x8500,
	0xc1ba: 0x2f03,
	0xc1bb: 0x1c02,
	0xc1bc: 0x4905,
	0xc1bd: 0x3e04,
	0xc1be: 0x6b07,
	0xc1bf: 0x5806,
	0xc1c0: 0x7a79,
	0xc1c1: 0x8578,
	0xc1c2: 0x587b,
	0xc1c3: 0x6b7a,
	0xc1c4: 0x3e7d,
	0xc1c5: 0x497c,
	0xc1c6: 0x1c7f,
	0xc1c7: 0x2f7e,
	0xc1c8: 0xf271,
	0xc1c9: 0x1c70,
	0xc1ca: 0xd073,
	0xc1cb: 0xe372,
	0xc1cc: 0xb675,
	0xc1cd: 0xc174,
	0xc1ce: 0x9477,
	0xc1cf: 0xa776,
	0xc1d0: 0x6b69,
	0xc1d1: 0x9468,
	0xc1d2: 0x496b,
	0xc1d3: 0x7a6a,
	0xc1d4: 0x2f6d,
	0xc1d5: 0x586c,
	0xc1d6: 0x0d6f,
	0xc1d7: 0x3e6e,
	0xc1d8: 0xe361,
	0xc1d9: 0x2f60,
	0xc1da: 0xc163,
	0xc1db: 0xf262,
	0xc1dc: 0xa765,
	0xc1dd: 0xd064,
	0xc1de: 0x8567,
	0xc1df: 0xb666,
	0xc1e0: 0x5859,
	0xc1e1: 0xa758,
	0xc1e2: 0x7a5b,
	0xc1e3: 0x495a,
	0xc1e4: 0x1c5d,
	0xc1e5: 0x6b5c,
	0xc1e6: 0x3e5f,
	0xc1e7: 0x0d5e,
	0xc1e8: 0xd051,
	0xc1e9: 0x3e50,
	0xc1ea: 0xf253,
	0xc1eb: 0xc152,
	0xc1ec: 0x9455,
	0xc1ed: 0xe354,
	0xc1ee: 0xb657,
	0xc1ef: 0x8556,
	0xc1f0: 0x4949,
	0xc1f1: 0xb648,
	0xc1f2: 0x6b4b,
	0xc1f3: 0x584a,
	0xc1f4: 0x0d4d,
	0xc1f5: 0x7a4c,
	0xc1f6: 0x2f4f,
	0xc1f7: 0x1c4e,
	0xc1f8: 0xc141,
	0xc1f9: 0xc140,
	0xc1fa: 0xe343,
	0xc1fb: 0xd042,
	0xc1fc: 0x8545,
	0xc1fd: 0xf244,
	0xc1fe: 0xa747,
	0xc1ff: 0x9446,
	0xc200: 0x68be,
	0xc201: 0x5bbf,
	0xc202: 0x0ebc,
	0xc203: 0x79bd,
	0xc204: 0x2cba,
	0xc205: 0x1fbb,
	0xc206: 0xc2b8,
	0xc207: 0x3db9,
	0xc208: 0xe0b6,
	0xc209: 0xd3b7,
	0xc20a: 0x86b4,
	0xc20b: 0xf1b5,
	0xc20c: 0xa4b2,
	0xc20d: 0x97b3,
	0xc20e: 0x5bb0,
	0xc20f: 0xb5b1,
	0xc210: 0x79ae,
	0xc211: 0x4aaf,
	0xc212: 0x1fac,
	0xc213: 0x68ad,
	0xc214: 0x3daa,
	0xc215: 0x0eab,
	0xc216: 0xd3a8,
	0xc217: 0x2ca9,
	0xc218: 0xf1a6,
	0xc219: 0xc2a7,
	0xc21a: 0x97a4,
	0xc21b: 0xe0a5,
	0xc21c: 0xb5a2,
	0xc21d: 0x86a3,
	0xc21e: 0x68a0,
	0xc21f: 0xa4a1,
	0xc220: 0x4a9e,
	0xc221: 0x799f,
	0xc222: 0x2c9c,
	0xc223: 0x5b9d,
	0xc224: 0x0e9a,
	0xc225: 0x3d9b,
	0xc226: 0xe098,
	0xc227: 0x1f99,
	0xc228: 0xc296,
	0xc229: 0xf197,
	0xc22a: 0xa494,
	0xc22b: 0xd395,
	0xc22c: 0x8692,
	0xc22d: 0xb593,
	0xc22e: 0x7990,
	0xc22f: 0x9791,
	0xc230: 0x5b8e,
	0xc231: 0x688f,
	0xc232: 0x3d8c,
	0xc233: 0x4a8d,
	0xc234: 0x1f8a,
	0xc235: 0x2c8b,
	0xc236: 0xf188,
	0xc237: 0x0e89,
	0xc238: 0xd386,
	0xc239: 0xe087,
	0xc23a: 0xb584,
	0xc23b: 0xc285,
	0xc23c: 0x9782,
	0xc23d: 0xa483,
	0xc23e: 0x0e80,
	0xc23f: 0x8681,
	0xc240: 0xa4fe,
	0xc241: 0x97ff,
	0xc242: 0xc2fc,
	0xc243: 0xb5fd,
	0xc244: 0xe0fa,
	0xc245: 0xd3fb,
	0xc246: 0x0ef8,
	0xc247: 0xf1f9,
	0xc248: 0x2cf6,
	0xc249: 0x1ff7,
	0xc24a: 0x4af4,
	0xc24b: 0x3df5,
	0xc24c: 0x68f2,
	0xc300: 0x69c3,
	0xc301: 0x5ac2,
	0xc400: 0x3bc8,
	0xc401: 0xc4c9,
	0xc500: 0x81cd,
	0xc501: 0xf6cc,
	0xc600: 0x4ed2,
	0xc601: 0x7dd3,
	0xc700: 0x38d7,
	0xc701: 0x0bd6,
	0xc800: 0xeadc,
	0xc801: 0x9ddd,
	0xc900: 0x63e1,
	0xc901: 0xafe0,
	0xca00: 0x35e6,
	0xca01: 0x06e7,
	0xcb00: 0xcbeb,
	0xcb01: 0xf8ea,
	0xcc00: 0x99f0,
	0xcc01: 0x77f1,
	0xcd00: 0x32f5,
	0xcd01: 0x45f4,
	0xce00: 0xecfa,
	0xce01: 0xdffb,
	0xcf00: 0x9aff,
	0xcf01: 0xa9fe,
	0xd000: 0x2f04,
	0xd001: 0x5805,
	0xd100: 0x9509,
	0xd101: 0x6a08,
	0xd200: 0xc30e,
	0xd201: 0xf00f,
	0xd300: 0x2c13,
	0xd301: 0x1f12,
	0xd400: 0x7e18,
	0xd401: 0x8119,
	0xd500: 0xc41d,
	0xd501: 0xb31c,
	0xd600: 0x2922,
	0xd601: 0x1a23,
	0xd700: 0x5f27,
	0xd701: 0x6c26,
	0xd800: 0x8d2c,
	0xd801: 0xfa2d,
	0xd900: 0x2631,
	0xd901: 0xc830,
	0xda00: 0x7036,
	0xda01: 0x4337,
	0xdb00: 0x8e3b,
	0xdb01: 0xbd3a,
	0xdc00: 0xdc40,
	0xdc01: 0xdc41,
	0xdd00: 0x9945,
	0xdd01: 0xee44,
	0xde00: 0x474a,
	0xde01: 0x744b,
	0xdf00: 0x314f,
	0xdf01: 0x024e,
	0xe000: 0xc254,
	0xe001: 0xb555,
	0xe002: 0xa456,
	0xe003: 0x9757,
	0xe004: 0x1f50,
	0xe005: 0xf151,
	0xe006: 0xe052,
	0xe007: 0xd353,
	0xe008: 0x4a5c,
	0xe009: 0x3d5d,
	0xe00a: 0x2c5e,
	0xe00b: 0x1f5f,
	0xe00c: 0x8658,
	0xe00d: 0x7959,
	0xe00e: 0x685a,
	0xe00f: 0x5b5b,
	0xe010: 0xd344,
	0xe011: 0xa445,
	0xe012: 0xb546,
	0xe013: 0x8647,
	0xe014: 0xe040,
	0xe015: 0xe041,
	0xe016: 0xf142,
	0xe017: 0xc243,
	0xe018: 0x5b4c,
	0xe019: 0x2c4d,
	0xe01a: 0x3d4e,
	0xe01b: 0x0e4f,
	0xe01c: 0x9748,
	0xe01d: 0x6849,
	0xe01e: 0x794a,
	0xe01f: 0x4a4b,
	0xe020: 0xe074,
	0xe021: 0x9775,
	0xe022: 0x8676,
	0xe023: 0xb577,
	0xe024: 0x3d70,
	0xe025: 0xd371,
	0xe026: 0xc272,
	0xe027: 0xf173,
	0xe028: 0x687c,
	0xe029: 0x1f7d,
	0xe02a: 0x0e7e,
	0xe02b: 0x3d7f,
	0xe02c: 0xa478,
	0xe02d: 0x5b79,
	0xe02e: 0x4a7a,
	0xe02f: 0x797b,
	0xe030: 0xf164,
	0xe031: 0x8665,
	0xe032: 0x9766,
	0xe033: 0xa467,
	0xe034: 0x0e60,
	0xe035: 0xc261,
	0xe036: 0xd362,
	0xe037: 0xe063,
	0xe038: 0x796c,
	0xe039: 0x0e6d,
	0xe03a: 0x1f6e,
	0xe03b: 0x2c6f,
	0xe03c: 0xb568,
	0xe03d: 0x4a69,
	0xe03e: 0x5b6a,
	0xe03f: 0x686b,
	0xe040: 0x0e14,
	0xe041: 0x7915,
	0xe042: 0x6816,
	0xe043: 0x5b17,
	0xe044: 0xd310,
	0xe045: 0x3d11,
	0xe046: 0x2c12,
	0xe047: 0x1f13,
	0xe048: 0x861c,
	0xe049: 0xf11d,
	0xe04a: 0xe01e,
	0xe04b: 0xd31f,
	0xe04c: 0x4a18,
	0xe04d: 0xb519,
	0xe04e: 0xa41a,
	0xe04f: 0x971b,
	0xe050: 0x1f04,
	0xe051: 0x6805,
	0xe052: 0x7906,
	0xe053: 0x4a07,
	0xe054: 0xa400,
	0xe055: 0x2c01,
	0xe056: 0x3d02,
	0xe057: 0x0e03,
	0xe058: 0x970c,
	0xe059: 0xe00d,
	0xe05a: 0xf10e,
	0xe05b: 0xc20f,
	0xe05c: 0x5b08,
	0xe05d: 0xa409,
	0xe05e: 0xb50a,
	0xe05f: 0x860b,
	0xe060: 0x2c34,
	0xe061: 0x5b35,
	0xe062: 0x4a36,
	0xe063: 0x7937,
	0xe064: 0xf130,
	0xe065: 0x1f31,
	0xe066: 0x0e32,
	0xe067: 0x3d33,
	0xe068: 0xa43c,
	0xe069: 0xd33d,
	0xe06a: 0xc23e,
	0xe06b: 0xf13f,
	0xe06c: 0x6838,
	0xe06d: 0x9739,
	0xe06e: 0x863a,
	0xe06f: 0xb53b,
	0xe070: 0x3d24,
	0xe071: 0x4a25,
	0xe072: 0x5b26,
	0xe073: 0x6827,
	0xe074: 0xc220,
	0xe075: 0x0e21,
	0xe076: 0x1f22,
	0xe077: 0x2c23,
	0xe078: 0xb52c,
	0xe079: 0xc22d,
	0xe07a: 0xd32e,
	0xe07b: 0xe02f,
	0xe07c: 0x7928,
	0xe07d: 0x8629,
	0xe07e: 0x972a,
	0xe07f: 0xa42b,
	0xe080: 0x4ad4,
	0xe081: 0x3dd5,
	0xe082: 0x2cd6,
	0xe083: 0x1fd7,
	0xe084: 0x97d0,
	0xe085: 0x79d1,
	0xe086: 0x68d2,
	0xe087: 0x5bd3,
	0xe088: 0xc2dc,
	0xe089: 0xb5dd,
	0xe08a: 0xa4de,
	0xe08b: 0x97df,
	0xe08c: 0x0ed8,
	0xe08d: 0xf1d9,
	0xe08e: 0xe0da,
	0xe08f: 0xd3db,
	0xe090: 0x5bc4,
	0xe091: 0x2cc5,
	0xe092: 0x3dc6,
	0xe093: 0x0ec7,
	0xe094: 0x68c0,
	0xe095: 0x68c1,
	0xe096: 0x79c2,
	0xe097: 0x4ac3,
	0xe098: 0xd3cc,
	0xe099: 0xa4cd,
	0xe09a: 0xb5ce,
	0xe09b: 0x86cf,
	0xe09c: 0x1fc8,
	0xe09d: 0xe0c9,
	0xe09e: 0xf1ca,
	0xe09f: 0xc2cb,
	0xe0a0: 0x68f4,
	0xe0a1: 0x1ff5,
	0xe0a2: 0x0ef6,
	0xe0a3: 0x3df7,
	0xe0a4: 0xb5f0,
	0xe0a5: 0x5bf1,
	0xe0a6: 0x4af2,
	0xe0a7: 0x79f3,
	0xe0a8: 0xe0fc,
	0xe0a9: 0x97fd,
	0xe0aa: 0x86fe,
	0xe0ab: 0xb5ff,
	0xe0ac: 0x2cf8,
	0xe0ad: 0xd3f9,
	0xe0ae: 0xc2fa,
	0xe0af: 0xf1fb,
	0xe0b0: 0x79e4,
	0xe0b1: 0x0ee5,
	0xe0b2: 0x1fe6,
	0xe0b3: 0x2ce7,
	0xe0b4: 0x86e0,
	0xe0b5: 0x4ae1,
	0xe0b6: 0x5be2,
	0xe0b7: 0x68e3,
	0xe0b8: 0xf1ec,
	0xe0b9: 0x86ed,
	0xe0ba: 0x97ee,
	0xe0bb: 0xa4ef,
	0xe0bc: 0x3de8,
	0xe0bd: 0xc2e9,
	0xe0be: 0xd3ea,
	0xe0bf: 0xe0eb,
	0xe0c0: 0x8694,
	0xe0c1: 0xf195,
	0xe0c2: 0xe096,
	0xe0c3: 0xd397,
	0xe0c4: 0x5b90,
	0xe0c5: 0xb591,
	0xe0c6: 0xa492,
	0xe0c7: 0x9793,
	0xe0c8: 0x0e9c,
	0xe0c9: 0x799d,
	0xe0ca: 0x689e,
	0xe0cb: 0x5b9f,
	0xe0cc: 0xc298,
	0xe0cd: 0x3d99,
	0xe0ce: 0x2c9a,
	0xe0cf: 0x1f9b,
	0xe0d0: 0x9784,
	0xe0d1: 0xe085,
	0xe0d2: 0xf186,
	0xe0d3: 0xc287,
	0xe0d4: 0x2c80,
	0xe0d5: 0xa481,
	0xe0d6: 0xb582,
	0xe0d7: 0x8683,
	0xe0d8: 0x1f8c,
	0xe0d9: 0x688d,
	0xe0da: 0x798e,
	0xe0db: 0x4a8f,
	0xe0dc: 0xd388,
	0xe0dd: 0x2c89,
	0xe0de: 0x3d8a,
	0xe0df: 0x0e8b,
	0xe0e0: 0xa4b4,
	0xe0e1: 0xd3b5,
	0xe0e2: 0xc2b6,
	0xe0e3: 0xf1b7,
	0xe0e4: 0x79b0,
	0xe0e5: 0x97b1,
	0xe0e6: 0x86b2,
	0xe0e7: 0xb5b3,
	0xe0e8: 0x2cbc,
	0xe0e9: 0x5bbd,
	0xe0ea: 0x4abe,
	0xe0eb: 0x79bf,
	0xe0ec: 0xe0b8,
	0xe0ed: 0x1fb9,
	0xe0ee: 0x0eba,
	0xe0ef: 0x3dbb,
	0xe0f0: 0xb5a4,
	0xe0f1: 0xc2a5,
	0xe0f2: 0xd3a6,
	0xe0f3: 0xe0a7,
	0xe0f4: 0x4aa0,
	0xe0f5: 0x86a1,
	0xe0f6: 0x97a2,
	0xe0f7: 0xa4a3,
	0xe0f8: 0x3dac,
	0xe0f9: 0x4aad,
	0xe0fa: 0x5bae,
	0xe0fb: 0x68af,
	0xe0fc: 0xf1a8,
	0xe0fd: 0x0ea9,
	0xe0fe: 0x1faa,
	0xe0ff: 0x2cab,
	0xe100: 0x7859,
	0xe101: 0x8758,
	0xe102: 0x5a5b,
	0xe103: 0x695a,
	0xe104: 0x3c5d,
	0xe105: 0x4b5c,
	0xe106: 0x1e5f,
	0xe107: 0x2d5e,
	0xe108: 0xf051,
	0xe109: 0x1e50,
	0xe10a: 0xd253,
	0xe10b: 0xe152,
	0xe10c: 0xb455,
	0xe10d: 0xc354,
	0xe10e: 0x9657,
	0xe10f: 0xa556,
	0xe110: 0x6949,
	0xe111: 0x9648,
	0xe112: 0x4b4b,
	0xe113: 0x784a,
	0xe114: 0x2d4d,
	0xe115: 0x5a4c,
	0xe116: 0x0f4f,
	0xe117: 0x3c4e,
	0xe118: 0xe141,
	0xe119: 0xe140,
	0xe11a: 0xc343,
	0xe11b: 0xf042,
	0xe11c: 0xa545,
	0xe11d: 0xd244,
	0xe11e: 0x8747,
	0xe11f: 0xb446,
	0xe120: 0x5a79,
	0xe121: 0xa578,
	0xe122: 0x787b,
	0xe123: 0x4b7a,
	0xe124: 0x1e7d,
	0xe125: 0x697c,
	0xe126: 0x3c7f,
	0xe127: 0x0f7e,
	0xe128: 0xd271,
	0xe129: 0x3c70,
	0xe12a: 0xf073,
	0xe12b: 0xc372,
	0xe12c: 0x9675,
	0xe12d: 0xe174,
	0xe12e: 0xb477,
	0xe12f: 0x8776,
	0xe130: 0x4b69,
	0xe131: 0xb468,
	0xe132: 0x696b,
	0xe133: 0x5a6a,
	0xe134: 0x0f6d,
	0xe135: 0x786c,
	0xe136: 0x2d6f,
	0xe137: 0x1e6e,
	0xe138: 0xc361,
	0xe139: 0x0f60,
	0xe13a: 0xe163,
	0xe13b: 0xd262,
	0xe13c: 0x8765,
	0xe13d: 0xf064,
	0xe13e: 0xa567,
	0xe13f: 0x9666,
	0xe140: 0xb419,
	0xe141: 0x4b18,
	0xe142: 0x961b,
	0xe143: 0xa51a,
	0xe144: 0xf01d,
	0xe145: 0x871c,
	0xe146: 0xd21f,
	0xe147: 0xe11e,
	0xe148: 0x3c11,
	0xe149: 0xd210,
	0xe14a: 0x1e13,
	0xe14b: 0x2d12,
	0xe14c: 0x7815,
	0xe14d: 0x0f14,
	0xe14e: 0x5a17,
	0xe14f: 0x6916,
	0xe150: 0xa509,
	0xe151: 0x5a08,
	0xe152: 0x870b,
	0xe153: 0xb40a,
	0xe154: 0xe10d,
	0xe155: 0x960c,
	0xe156: 0xc30f,
	0xe157: 0xf00e,
	0xe158: 0x2d01,
	0xe159: 0xa500,
	0xe15a: 0x0f03,
	0xe15b: 0x3c02,
	0xe15c: 0x6905,
	0xe15d: 0x1e04,
	0xe15e: 0x4b07,
	0xe15f: 0x7806,
	0xe160: 0x9639,
	0xe161: 0x6938,
	0xe162: 0xb43b,
	0xe163: 0x873a,
	0xe164: 0xd23d,
	0xe165: 0xa53c,
	0xe166: 0xf03f,
	0xe167: 0xc33e,
	0xe168: 0x1e31,
	0xe169: 0xf030,
	0xe16a: 0x3c33,
	0xe16b: 0x0f32,
	0xe16c: 0x5a35,
	0xe16d: 0x2d34,
	0xe16e: 0x7837,
	0xe16f: 0x4b36,
	0xe170: 0x8729,
	0xe171: 0x7828,
	0xe172: 0xa52b,
	0xe173: 0x962a,
	0xe174: 0xc32d,
	0xe175: 0xb42c,
	0xe176: 0xe12f,
	0xe177: 0xd22e,
	0xe178: 0x0f21,
	0xe179: 0xc320,
	0xe17a: 0x2d23,
	0xe17b: 0x1e22,
	0xe17c: 0x4b25,
	0xe17d: 0x3c24,
	0xe17e: 0x6927,
	0xe17f: 0x5a26,
	0xe180: 0xf0d9,
	0xe181: 0x0fd8,
	0xe182: 0xd2db,
	0xe183: 0xe1da,
	0xe184: 0xb4dd,
	0xe185: 0xc3dc,
	0xe186: 0x96df,
	0xe187: 0xa5de,
	0xe188: 0x78d1,
	0xe189: 0x96d0,
	0xe18a: 0x5ad3,
	0xe18b: 0x69d2,
	0xe18c: 0x3cd5,
	0xe18d: 0x4bd4,
	0xe18e: 0x1ed7,
	0xe18f: 0x2dd6,
	0xe190: 0xe1c9,
	0xe191: 0x1ec8,
	0xe192: 0xc3cb,
	0xe193: 0xf0ca,
	0xe194: 0xa5cd,
	0xe195: 0xd2cc,
	0xe196: 0x87cf,
	0xe197: 0xb4ce,
	0xe198: 0x69c1,
	0xe199: 0x69c0,
	0xe19a: 0x4bc3,
	0xe19b: 0x78c2,
	0xe19c: 0x2dc5,
	0xe19d: 0x5ac4,
	0xe19e: 0x0fc7,
	0xe19f: 0x3cc6,
	0xe1a0: 0xd2f9,
	0xe1a1: 0x2df8,
	0xe1a2: 0xf0fb,
	0xe1a3: 0xc3fa,
	0xe1a4: 0x96fd,
	0xe1a5: 0xe1fc,
	0xe1a6: 0xb4ff,
	0xe1a7: 0x87fe,
	0xe1a8: 0x5af1,
	0xe1a9: 0xb4f0,
	0xe1aa: 0x78f3,
	0xe1ab: 0x4bf2,
	0xe1ac: 0x1ef5,
	0xe1ad: 0x69f4,
	0xe1ae: 0x3cf7,
	0xe1af: 0x0ff6,
	0xe1b0: 0xc3e9,
	0xe1b1: 0x3ce8,
	0xe1b2: 0xe1eb,
	0xe1b3: 0xd2ea,
	0xe1b4: 0x87ed,
	0xe1b5: 0xf0ec,
	0xe1b6: 0xa5ef,
	0xe1b7: 0x96ee,
	0xe1b8: 0x4be1,
	0xe1b9: 0x87e0,
	0xe1ba: 0x69e3,
	0xe1bb: 0x5ae2,
	0xe1bc: 0x0fe5,
	0xe1bd: 0x78e4,
	0xe1be: 0x2de7,
	0xe1bf: 0x1ee6,
	0xe1c0: 0x3c99,
	0xe1c1: 0xc398,
	0xe1c2: 0x1e9b,
	0xe1c3: 0x2d9a,
	0xe1c4: 0x789d,
	0xe1c5: 0x0f9c,
	0xe1c6: 0x5a9f,
	0xe1c7: 0x699e,
	0xe1c8: 0xb491,
	0xe1c9: 0x5a90,
	0xe1ca: 0x9693,
	0xe1cb: 0xa592,
	0xe1cc: 0xf095,
	0xe1cd: 0x8794,
	0xe1ce: 0xd297,
	0xe1cf: 0xe196,
	0xe1d0: 0x2d89,
	0xe1d1: 0xd288,
	0xe1d2: 0x0f8b,
	0xe1d3: 0x3c8a,
	0xe1d4: 0x698d,
	0xe1d5: 0x1e8c,
	0xe1d6: 0x4b8f,
	0xe1d7: 0x788e,
	0xe1d8: 0xa581,
	0xe1d9: 0x2d80,
	0xe1da: 0x8783,
	0xe1db: 0xb482,
	0xe1dc: 0xe185,
	0xe1dd: 0x9684,
	0xe1de: 0xc387,
	0xe1df: 0xf086,
	0xe1e0: 0x1eb9,
	0xe1e1: 0xe1b8,
	0xe1e2: 0x3cbb,
	0xe1e3: 0x0fba,
	0xe1e4: 0x5abd,
	0xe1e5: 0x2dbc,
	0xe1e6: 0x78bf,
	0xe1e7: 0x4bbe,
	0xe1e8: 0x96b1,
	0xe1e9: 0x78b0,
	0xe1ea: 0xb4b3,
	0xe1eb: 0x87b2,
	0xe1ec: 0xd2b5,
	0xe1ed: 0xa5b4,
	0xe1ee: 0xf0b7,
	0xe1ef: 0xc3b6,
	0xe1f0: 0x0fa9,
	0xe1f1: 0xf0a8,
	0xe1f2: 0x2dab,
	0xe1f3: 0x1eaa,
	0xe1f4: 0x4bad,
	0xe1f5: 0x3cac,
	0xe1f6: 0x69af,
	0xe1f7: 0x5aae,
	0xe1f8: 0x87a1,
	0xe1f9: 0x4ba0,
	0xe1fa: 0xa5a3,
	0xe1fb: 0x96a2,
	0xe1fc: 0xc3a5,
	0xe1fd: 0xb4a4,
	0xe1fe: 0xe1a7,
	0xe1ff: 0xd2a6,
	0xe200: 0x2e5e,
	0xe201: 0x1d5f,
	0xe202: 0x485c,
	0xe203: 0x3f5d,
	0xe204: 0x6a5a,
	0xe205: 0x595b,
	0xe206: 0x8458,
	0xe207: 0x7b59,
	0xe208: 0xa656,
	0xe209: 0x9557,
	0xe20a: 0xc054,
	0xe20b: 0xb755,
	0xe20c: 0xe252,
	0xe20d: 0xd153,
	0xe20e: 0x1d50,
	0xe20f: 0xf351,
	0xe210: 0x3f4e,
	0xe211: 0x0c4f,
	0xe212: 0x594c,
	0xe213: 0x2e4d,
	0xe214: 0x7b4a,
	0xe215: 0x484b,
	0xe216: 0x9548,
	0xe217: 0x6a49,
	0xe218: 0xb746,
	0xe219: 0x8447,
	0xe21a: 0xd144,
	0xe21b: 0xa645,
	0xe21c: 0xf342,
	0xe21d: 0xc043,
	0xe21e: 0xe240,
	0xe21f: 0xe241,
	0xe220: 0x0c7e,
	0xe221: 0x3f7f,
	0xe222: 0x6a7c,
	0xe223: 0x1d7d,
	0xe224: 0x487a,
	0xe225: 0x7b7b,
	0xe226: 0xa678,
	0xe227: 0x5979,
	0xe228: 0x8476,
	0xe229: 0xb777,
	0xe22a: 0xe274,
	0xe22b: 0x9575,
	0xe22c: 0xc072,
	0xe22d: 0xf373,
	0xe22e: 0x3f70,
	0xe22f: 0xd171,
	0xe230: 0x1d6e,
	0xe231: 0x2e6f,
	0xe232: 0x7b6c,
	0xe233: 0x0c6d,
	0xe234: 0x596a,
	0xe235: 0x6a6b,
	0xe236: 0xb768,
	0xe237: 0x4869,
	0xe238: 0x9566,
	0xe239: 0xa667,
	0xe23a: 0xf364,
	0xe23b: 0x8465,
	0xe23c: 0xd162,
	0xe23d: 0xe263,
	0xe23e: 0x0c60,
	0xe23f: 0xc061,
	0xe240: 0xe21e,
	0xe241: 0xd11f,
	0xe242: 0x841c,
	0xe243: 0xf31d,
	0xe244: 0xa61a,
	0xe245: 0x951b,
	0xe246: 0x4818,
	0xe247: 0xb719,
	0xe248: 0x6a16,
	0xe249: 0x5917,
	0xe24a: 0x0c14,
	0xe24b: 0x7b15,
	0xe24c: 0x2e12,
	0xe24d: 0x1d13,
	0xe24e: 0xd110,
	0xe300: 0xe363,
	0xe301: 0xd062,
	0xe400: 0xb168,
	0xe401: 0x4e69,
	0xe500: 0x0b6d,
	0xe501: 0x7c6c,
	0xe600: 0xc472,
	0xe601: 0xf773,
	0xe700: 0xb277,
	0xe701: 0x8176,
	0xe800: 0x607c,
	0xe801: 0x177d,
	0xe802: 0x067e,
	0xe803: 0x357f,
	0xe804: 0xac78,
	0xe805: 0x5379,
	0xe806: 0x427a,
	0xe807: 0x717b,
	0xe808: 0xe874,
	0xe809: 0x9f75,
	0xe80a: 0x8e76,
	0xe80b: 0xbd77,
	0xe80c: 0x3570,
	0xe80d: 0xdb71,
	0xe80e: 0xca72,
	0xe80f: 0xf973,
	0xe810: 0x716c,
	0xe811: 0x066d,
	0xe812: 0x176e,
	0xe813: 0x246f,
	0xe814: 0xbd68,
	0xe815: 0x4269,
	0xe816: 0x536a,
	0xe817: 0x606b,
	0xe818: 0xf964,
	0xe819: 0x8e65,
	0xe81a: 0x9f66,
	0xe81b: 0xac67,
	0xe81c: 0x0660,
	0xe81d: 0xca61,
	0xe81e: 0xdb62,
	0xe81f: 0xe863,
	0xe820: 0x425c,
	0xe821: 0x355d,
	0xe822: 0x245e,
	0xe823: 0x175f,
	0xe824: 0x8e58,
	0xe825: 0x7159,
	0xe826: 0x605a,
	0xe827: 0x535b,
	0xe828: 0xca54,
	0xe829: 0xbd55,
	0xe82a: 0xac56,
	0xe82b: 0x9f57,
	0xe82c: 0x1750,
	0xe82d: 0xf951,
	0xe82e: 0xe852,
	0xe82f: 0xdb53,
	0xe830: 0x534c,
	0xe831: 0x244d,
	0xe832: 0x354e,
	0xe833: 0x064f,
	0xe834: 0x9f48,
	0xe835: 0x6049,
	0xe836: 0x714a,
	0xe837: 0x424b,
	0xe838: 0xdb44,
	0xe839: 0xac45,
	0xe83a: 0xbd46,
	0xe83b: 0x8e47,
	0xe83c: 0xe840,
	0xe83d: 0xe841,
	0xe83e: 0xf942,
	0xe83f: 0xca43,
	0xe840: 0xac3c,
	0xe841: 0xdb3d,
	0xe842: 0xca3e,
	0xe843: 0xf93f,
	0xe844: 0x6038,
	0xe845: 0x9f39,
	0xe846: 0x8e3a,
	0xe847: 0xbd3b,
	0xe848: 0x2434,
	0xe849: 0x5335,
	0xe84a: 0x4236,
	0xe84b: 0x7137,
	0xe84c: 0xf930,
	0xe84d: 0x1731,
	0xe84e: 0x0632,
	0xe84f: 0x3533,
	0xe850: 0xbd2c,
	0xe851: 0xca2d,
	0xe852: 0xdb2e,
	0xe853: 0xe82f,
	0xe854: 0x7128,
	0xe855: 0x8e29,
	0xe856: 0x9f2a,
	0xe857: 0xac2b,
	0xe858: 0x3524,
	0xe859: 0x4225,
	0xe85a: 0x5326,
	0xe85b: 0x6027,
	0xe85c: 0xca20,
	0xe85d: 0x0621,
	0xe85e: 0x1722,
	0xe85f: 0x2423,
	0xe860: 0x8e1c,
	0xe861: 0xf91d,
	0xe862: 0xe81e,
	0xe863: 0xdb1f,
	0xe864: 0x4218,
	0xe865: 0xbd19,
	0xe866: 0xac1a,
	0xe867: 0x9f1b,
	0xe868: 0x0614,
	0xe869: 0x7115,
	0xe86a: 0x6016,
	0xe86b: 0x5317,
	0xe86c: 0xdb10,
	0xe86d: 0x3511,
	0xe86e: 0x2412,
	0xe86f: 0x1713,
	0xe870: 0x9f0c,
	0xe871: 0xe80d,
	0xe872: 0xf90e,
	0xe873: 0xca0f,
	0xe874: 0x5308,
	0xe875: 0xac09,
	0xe876: 0xbd0a,
	0xe877: 0x8e0b,
	0xe878: 0x1704,
	0xe879: 0x6005,
	0xe87a: 0x7106,
	0xe87b: 0x4207,
	0xe87c: 0xac00,
	0xe87d: 0x2401,
	0xe87e: 0x3502,
	0xe87f: 0x0603,
	0xe880: 0xe8fc,
	0xe881: 0x9ffd,
	0xe882: 0x8efe,
	0xe883: 0xbdff,
	0xe884: 0x24f8,
	0xe885: 0xdbf9,
	0xe886: 0xcafa,
	0xe887: 0xf9fb,
	0xe888: 0x60f4,
	0xe889: 0x17f5,
	0xe88a: 0x06f6,
	0xe88b: 0x35f7,
	0xe88c: 0xbdf0,
	0xe88d: 0x53f1,
	0xe88e: 0x42f2,
	0xe88f: 0x71f3,
	0xe890: 0xf9ec,
	0xe891: 0x8eed,
	0xe892: 0x9fee,
	0xe893: 0xacef,
	0xe894: 0x35e8,
	0xe895: 0xcae9,
	0xe896: 0xdbea,
	0xe897: 0xe8eb,
	0xe898: 0x71e4,
	0xe899: 0x06e5,
	0xe89a: 0x17e6,
	0xe89b: 0x24e7,
	0xe89c: 0x8ee0,
	0xe89d: 0x42e1,
	0xe89e: 0x53e2,
	0xe89f: 0x60e3,
	0xe8a0: 0xcadc,
	0xe8a1: 0xbddd,
	0xe8a2: 0xacde,
	0xe8a3: 0x9fdf,
	0xe8a4: 0x06d8,
	0xe8a5: 0xf9d9,
	0xe8a6: 0xe8da,
	0xe8a7: 0xdbdb,
	0xe8a8: 0x42d4,
	0xe8a9: 0x35d5,
	0xe8aa: 0x24d6,
	0xe8ab: 0x17d7,
	0xe8ac: 0x9fd0,
	0xe8ad: 0x71d1,
	0xe8ae: 0x60d2,
	0xe8af: 0x53d3,
	0xe8b0: 0xdbcc,
	0xe8b1: 0xaccd,
	0xe8b2: 0xbdce,
	0xe8b3: 0x8ecf,
	0xe8b4: 0x17c8,
	0xe8b5: 0xe8c9,
	0xe8b6: 0xf9ca,
	0xe8b7: 0xcacb,
	0xe8b8: 0x53c4,
	0xe8b9: 0x24c5,
	0xe8ba: 0x35c6,
	0xe8bb: 0x06c7,
	0xe8bc: 0x60c0,
	0xe8bd: 0x60c1,
	0xe8be: 0x71c2,
	0xe8bf: 0x42c3,
	0xe8c0: 0x24bc,
	0xe8c1: 0x53bd,
	0xe8c2: 0x42be,
	0xe8c3: 0x71bf,
	0xe8c4: 0xe8b8,
	0xe8c5: 0x17b9,
	0xe8c6: 0x06ba,
	0xe8c7: 0x35bb,
	0xe8c8: 0xacb4,
	0xe8c9: 0xdbb5,
	0xe8ca: 0xcab6,
	0xe8cb: 0xf9b7,
	0xe8cc: 0x71b0,
	0xe8cd: 0x9fb1,
	0xe8ce: 0x8eb2,
	0xe8cf: 0xbdb3,
	0xe8d0: 0x35ac,
	0xe8d1: 0x42ad,
	0xe8d2: 0x53ae,
	0xe8d3: 0x60af,
	0xe8d4: 0xf9a8,
	0xe8d5: 0x06a9,
	0xe8d6: 0x17aa,
	0xe8d7: 0x24ab,
	0xe8d8: 0xbda4,
	0xe8d9: 0xcaa5,
	0xe8da: 0xdba6,
	0xe8db: 0xe8a7,
	0xe8dc: 0x42a0,
	0xe8dd: 0x8ea1,
	0xe8de: 0x9fa2,
	0xe8df: 0xaca3,
	0xe8e0: 0x069c,
	0xe8e1: 0x719d,
	0xe8e2: 0x609e,
	0xe8e3: 0x539f,
	0xe8e4: 0xca98,
	0xe8e5: 0x3599,
	0xe8e6: 0x249a,
	0xe8e7: 0x179b,
	0xe8e8: 0x8e94,
	0xe8e9: 0xf995,
	0xe8ea: 0xe896,
	0xe8eb: 0xdb97,
	0xe8ec: 0x5390,
	0xe8ed: 0xbd91,
	0xe8ee: 0xac92,
	0xe8ef: 0x9f93,
	0xe8f0: 0x178c,
	0xe8f1: 0x608d,
	0xe8f2: 0x718e,
	0xe8f3: 0x428f,
	0xe8f4: 0xdb88,
	0xe8f5: 0x2489,
	0xe8f6: 0x358a,
	0xe8f7: 0x068b,
	0xe8f8: 0x9f84,
	0xe8f9: 0xe885,
	0xe8fa: 0xf986,
	0xe8fb: 0xca87,
	0xe8fc: 0x2480,
	0xe8fd: 0xac81,
	0xe8fe: 0xbd82,
	0xe8ff: 0x8e83,
	0xe900: 0xbc82,
	0xe901: 0x8f83,
	0xe902: 0x2580,
	0xe903: 0xad81,
	0xe904: 0xf886,
	0xe905: 0xcb87,
	0xe906: 0x9e84,
	0xe907: 0xe985,
	0xe908: 0x348a,
	0xe909: 0x078b,
	0xe90a: 0xda88,
	0xe90b: 0x2589,
	0xe90c: 0x708e,
	0xe90d: 0x438f,
	0xe90e: 0x168c,
	0xe90f: 0x618d,
	0xe910: 0xad92,
	0xe911: 0x9e93,
	0xe912: 0x5290,
	0xe913: 0xbc91,
	0xe914: 0xe996,
	0xe915: 0xda97,
	0xe916: 0x8f94,
	0xe917: 0xf895,
	0xe918: 0x259a,
	0xe919: 0x169b,
	0xe91a: 0xcb98,
	0xe91b: 0x3499,
	0xe91c: 0x619e,
	0xe91d: 0x529f,
	0xe91e: 0x079c,
	0xe91f: 0x709d,
	0xe920: 0x9ea2,
	0xe921: 0xada3,
	0xe922: 0x43a0,
	0xe923: 0x8fa1,
	0xe924: 0xdaa6,
	0xe925: 0xe9a7,
	0xe926: 0xbca4,
	0xe927: 0xcba5,
	0xe928: 0x16aa,
	0xe929: 0x25ab,
	0xe92a: 0xf8a8,
	0xe92b: 0x07a9,
	0xe92c: 0x52ae,
	0xe92d: 0x61af,
	0xe92e: 0x34ac,
	0xe92f: 0x43ad,
	0xe930: 0x8fb2,
	0xe931: 0xbcb3,
	0xe932: 0x70b0,
	0xe933: 0x9eb1,
	0xe934: 0xcbb6,
	0xe935: 0xf8b7,
	0xe936: 0xadb4,
	0xe937: 0xdab5,
	0xe938: 0x07ba,
	0xe939: 0x34bb,
	0xe93a: 0xe9b8,
	0xe93b: 0x16b9,
	0xe93c: 0x43be,
	0xe93d: 0x70bf,
	0xe93e: 0x25bc,
	0xe93f: 0x52bd,
	0xe940: 0x70c2,
	0xe941: 0x43c3,
	0xe942: 0x61c0,
	0xe943: 0x61c1,
	0xe944: 0x34c6,
	0xe945: 0x07c7,
	0xe946: 0x52c4,
	0xe947: 0x25c5,
	0xe948: 0xf8ca,
	0xe949: 0xcbcb,
	0xe94a: 0x16c8,
	0xe94b: 0xe9c9,
	0xe94c: 0xbcce,
	0xe94d: 0x8fcf,
	0xe94e: 0xdacc,
	0xe94f: 0xadcd,
	0xe950: 0x61d2,
	0xe951: 0x52d3,
	0xe952: 0x9ed0,
	0xe953: 0x70d1,
	0xe954: 0x25d6,
	0xe955: 0x16d7,
	0xe956: 0x43d4,
	0xe957: 0x34d5,
	0xe958: 0xe9da,
	0xe959: 0xdadb,
	0xe95a: 0x07d8,
	0xe95b: 0xf8d9,
	0xe95c: 0xadde,
	0xe95d: 0x9edf,
	0xe95e: 0xcbdc,
	0xe95f: 0xbcdd,
	0xe960: 0x52e2,
	0xe961: 0x61e3,
	0xe962: 0x8fe0,
	0xe963: 0x43e1,
	0xe964: 0x16e6,
	0xe965: 0x25e7,
	0xe966: 0x70e4,
	0xe967: 0x07e5,
	0xe968: 0xdaea,
	0xe969: 0xe9eb,
	0xe96a: 0x34e8,
	0xe96b: 0xcbe9,
	0xe96c: 0x9eee,
	0xe96d: 0xadef,
	0xe96e: 0xf8ec,
	0xe96f: 0x8fed,
	0xe970: 0x43f2,
	0xe971: 0x70f3,
	0xe972: 0xbcf0,
	0xe973: 0x52f1,
	0xe974: 0x07f6,
	0xe975: 0x34f7,
	0xe976: 0x61f4,
	0xe977: 0x16f5,
	0xe978: 0xcbfa,
	0xe979: 0xf8fb,
	0xe97a: 0x25f8,
	0xe97b: 0xdaf9,
	0xe97c: 0x8ffe,
	0xe97d: 0xbcff,
	0xe97e: 0xe9fc,
	0xe97f: 0x9efd,
	0xe980: 0x3402,
	0xe981: 0x0703,
	0xe982: 0xad00,
	0xe983: 0x2501,
	0xe984: 0x7006,
	0xe985: 0x4307,
	0xe986: 0x1604,
	0xe987: 0x6105,
	0xe988: 0xbc0a,
	0xe989: 0x8f0b,
	0xe98a: 0x5208,
	0xe98b: 0xad09,
	0xe98c: 0xf80e,
	0xe98d: 0xcb0f,
	0xe98e: 0x9e0c,
	0xe98f: 0xe90d,
	0xe990: 0x2512,
	0xe991: 0x1613,
	0xe992: 0xda10,
	0xe993: 0x3411,
	0xe994: 0x6116,
	0xe995: 0x5217,
	0xe996: 0x0714,
	0xe997: 0x7015,
	0xe998: 0xad1a,
	0xe999: 0x9e1b,
	0xe99a: 0x4318,
	0xe99b: 0xbc19,
	0xe99c: 0xe91e,
	0xe99d: 0xda1f,
	0xe99e: 0x8f1c,
	0xe99f: 0xf81d,
	0xe9a0: 0x1622,
	0xe9a1: 0x2523,
	0xe9a2: 0xcb20,
	0xe9a3: 0x0721,
	0xe9a4: 0x5226,
	0xe9a5: 0x6127,
	0xe9a6: 0x3424,
	0xe9a7: 0x4325,
	0xe9a8: 0x9e2a,
	0xe9a9: 0xad2b,
	0xe9aa: 0x7028,
	0xe9ab: 0x8f29,
	0xe9ac: 0xda2e,
	0xe9ad: 0xe92f,
	0xe9ae: 0xbc2c,
	0xe9af: 0xcb2d,
	0xe9b0: 0x0732,
	0xe9b1: 0x3433,
	0xe9b2: 0xf830,
	0xe9b3: 0x1631,
	0xe9b4: 0x4336,
	0xe9b5: 0x7037,
	0xe9b6: 0x2534,
	0xe9b7: 0x5235,
	0xe9b8: 0x8f3a,
	0xe9b9: 0xbc3b,
	0xe9ba: 0x6138,
	0xe9bb: 0x9e39,
	0xe9bc: 0xcb3e,
	0xe9bd: 0xf83f,
	0xe9be: 0xad3c,
	0xe9bf: 0xda3d,
	0xe9c0: 0xf842,
	0xe9c1: 0xcb43,
	0xe9c2: 0xe940,
	0xe9c3: 0xe941,
	0xe9c4: 0xbc46,
	0xe9c5: 0x8f47,
	0xe9c6: 0xda44,
	0xe9c7: 0xad45,
	0xe9c8: 0x704a,
	0xe9c9: 0x434b,
	0xe9ca: 0x9e48,
	0xe9cb: 0x6149,
	0xe9cc: 0x344e,
	0xe9cd: 0x074f,
	0xe9ce: 0x524c,
	0xe9cf: 0x254d,
	0xe9d0: 0xe952,
	0xe9d1: 0xda53,
	0xe9d2: 0x1650,
	0xe9d3: 0xf851,
	0xe9d4: 0xad56,
	0xe9d5: 0x9e57,
	0xe9d6: 0xcb54,
	0xe9d7: 0xbc55,
	0xe9d8: 0x615a,
	0xe9d9: 0x525b,
	0xe9da: 0x8f58,
	0xe9db: 0x7059,
	0xe9dc: 0x255e,
	0xe9dd: 0x165f,
	0xe9de: 0x435c,
	0xe9df: 0x345d,
	0xe9e0: 0xda62,
	0xe9e1: 0xe963,
	0xe9e2: 0x0760,
	0xe9e3: 0xcb61,
	0xe9e4: 0x9e66,
	0xe9e5: 0xad67,
	0xe9e6: 0xf864,
	0xe9e7: 0x8f65,
	0xe9e8: 0x526a,
	0xe9e9: 0x616b,
	0xe9ea: 0xbc68,
	0xe9eb: 0x4369,
	0xe9ec: 0x166e,
	0xe9ed: 0x256f,
	0xe9ee: 0x706c,
	0xe9ef: 0x076d,
	0xe9f0: 0xcb72,
	0xe9f1: 0xf873,
	0xe9f2: 0x3470,
	0xe9f3: 0xda71,
	0xe9f4: 0x8f76,
	0xe9f5: 0xbc77,
	0xe9f6: 0xe974,
	0xe9f7: 0x9e75,
	0xe9f8: 0x437a,
	0xe9f9: 0x707b,
	0xe9fa: 0xad78,
	0xe9fb: 0x5279,
	0xe9fc: 0x077e,
	0xe9fd: 0x347f,
	0xe9fe: 0x617c,
	0xe9ff: 0x167d,
	0xea00: 0xc887,
	0xea01: 0xfb86,
	0xea02: 0xea85,
	0xea03: 0x9d84,
	0xea04: 0x8c83,
	0xea05: 0xbf82,
	0xea06: 0xae81,
	0xea07: 0x2680,
	0xea08: 0x408f,
	0xea09: 0x738e,
	0xea0a: 0x628d,
	0xea0b: 0x158c,
	0xea0c: 0x048b,
	0xea0d: 0x378a,
	0xea0e: 0x2689,
	0xea0f: 0xd988,
	0xea10: 0xd997,
	0xea11: 0xea96,
	0xea12: 0xfb95,
	0xea13: 0x8c94,
	0xea14: 0x9d93,
	0xea15: 0xae92,
	0xea16: 0xbf91,
	0xea17: 0x5190,
	0xea18: 0x519f,
	0xea19: 0x629e,
	0xea1a: 0x739d,
	0xea1b: 0x049c,
	0xea1c: 0x159b,
	0xea1d: 0x269a,
	0xea1e: 0x3799,
	0xea1f: 0xc898,
	0xea20: 0xeaa7,
	0xea21: 0xd9a6,
	0xea22: 0xc8a5,
	0xea23: 0xbfa4,
	0xea24: 0xaea3,
	0xea25: 0x9da2,
	0xea26: 0x8ca1,
	0xea27: 0x40a0,
	0xea28: 0x62af,
	0xea29: 0x51ae,
	0xea2a: 0x40ad,
	0xea2b: 0x37ac,
	0xea2c: 0x26ab,
	0xea2d: 0x15aa,
	0xea2e: 0x04a9,
	0xea2f: 0xfba8,
	0xea30: 0xfbb7,
	0xea31: 0xc8b6,
	0xea32: 0xd9b5,
	0xea33: 0xaeb4,
	0xea34: 0xbfb3,
	0xea35: 0x8cb2,
	0xea36: 0x9db1,
	0xea37: 0x73b0,
	0xea38: 0x73bf,
	0xea39: 0x40be,
	0xea3a: 0x51bd,
	0xea3b: 0x26bc,
	0xea3c: 0x37bb,
	0xea3d: 0x04ba,
	0xea3e: 0x15b9,
	0xea3f: 0xeab8,
	0xea40: 0x04c7,
	0xea41: 0x37c6,
	0xea42: 0x26c5,
	0xea43: 0x51c4,
	0xea44: 0x40c3,
	0xea45: 0x73c2,
	0xea46: 0x62c1,
	0xea47: 0x62c0,
	0xea48: 0x8ccf,
	0xea49: 0xbfce,
	0xea4a: 0xaecd,
	0xea4b: 0xd9cc,
	0xea4c: 0xc8cb,
	0xea4d: 0xfbca,
	0xea4e: 0xeac9,
	0xea4f: 0x15c8,
	0xea50: 0x15d7,
	0xea51: 0x26d6,
	0xea52: 0x37d5,
	0xea53: 0x40d4,
	0xea54: 0x51d3,
	0xea55: 0x62d2,
	0xea56: 0x73d1,
	0xea57: 0x9dd0,
	0xea58: 0x9ddf,
	0xea59: 0xaede,
	0xea5a: 0xbfdd,
	0xea5b: 0xc8dc,
	0xea5c: 0xd9db,
	0xea5d: 0xeada,
	0xea5e: 0xfbd9,
	0xea5f: 0x04d8,
	0xea60: 0x26e7,
	0xea61: 0x15e6,
	0xea62: 0x04e5,
	0xea63: 0x73e4,
	0xea64: 0x62e3,
	0xea65: 0x51e2,
	0xea66: 0x40e1,
	0xea67: 0x8ce0,
	0xea68: 0xaeef,
	0xea69: 0x9dee,
	0xea6a: 0x8ced,
	0xea6b: 0xfbec,
	0xea6c: 0xeaeb,
	0xea6d: 0xd9ea,
	0xea6e: 0xc8e9,
	0xea6f: 0x37e8,
	0xea70: 0x37f7,
	0xea71: 0x04f6,
	0xea72: 0x15f5,
	0xea73: 0x62f4,
	0xea74: 0x73f3,
	0xea75: 0x40f2,
	0xea76: 0x51f1,
	0xea77: 0xbff0,
	0xea78: 0xbfff,
	0xea79: 0x8cfe,
	0xea7a: 0x9dfd,
	0xea7b: 0xeafc,
	0xea7c: 0xfbfb,
	0xea7d: 0xc8fa,
	0xea7e: 0xd9f9,
	0xea7f: 0x26f8,
	0xea80: 0x4007,
	0xea81: 0x7306,
	0xea82: 0x6205,
	0xea83: 0x1504,
	0xea84: 0x0403,
	0xea85: 0x3702,
	0xea86: 0x2601,
	0xea87: 0xae00,
	0xea88: 0xc80f,
	0xea89: 0xfb0e,
	0xea8a: 0xea0d,
	0xea8b: 0x9d0c,
	0xea8c: 0x8c0b,
	0xea8d: 0xbf0a,
	0xea8e: 0xae09,
	0xea8f: 0x5108,
	0xea90: 0x5117,
	0xea91: 0x6216,
	0xea92: 0x7315,
	0xea93: 0x0414,
	0xea94: 0x1513,
	0xea95: 0x2612,
	0xea96: 0x3711,
	0xea97: 0xd910,
	0xea98: 0xd91f,
	0xea99: 0xea1e,
	0xea9a: 0xfb1d,
	0xea9b: 0x8c1c,
	0xea9c: 0x9d1b,
	0xea9d: 0xae1a,
	0xea9e: 0xbf19,
	0xea9f: 0x4018,
	0xeaa0: 0x6227,
	0xeaa1: 0x5126,
	0xeaa2: 0x4025,
	0xeaa3: 0x3724,
	0xeaa4: 0x2623,
	0xeaa5: 0x1522,
	0xeaa6: 0x0421,
	0xeaa7: 0xc820,
	0xeaa8: 0xea2f,
	0xeaa9: 0xd92e,
	0xeaaa: 0xc82d,
	0xeaab: 0xbf2c,
	0xeaac: 0xae2b,
	0xeaad: 0x9d2a,
	0xeaae: 0x8c29,
	0xeaaf: 0x7328,
	0xeab0: 0x7337,
	0xeab1: 0x4036,
	0xeb00: 0x148c,
	0xeb01: 0x638d,
	0xec00: 0xb991,
	0xec01: 0x5790,
	0xed00: 0xed96,
	0xed01: 0xde97,
	0xee00: 0x119b,
	0xee01: 0x229a,
	0xef00: 0x45a0,
	0xef01: 0x89a1,
	0xf000: 0xd2a5,
	0xf001: 0xa5a4,
	0xf100: 0x0eaa,
	0xf101: 0x3dab,
	0xf200: 0x7aaf,
	0xf201: 0x49ae,
	0xf300: 0xb7b4,
	0xf301: 0xc0b5,
	0xf400: 0x0bb9,
	0xf401: 0xf4b8,
	0xf500: 0x5fbe,
	0xf501: 0x6cbf,
	0xf600: 0x5cc3,
	0xf601: 0x6fc2,
	0xf700: 0x08c8,
	0xf701: 0xf7c9,
	0xf800: 0xbccd,
	0xf801: 0xcbcc,
	0xf900: 0x71d2,
	0xf901: 0x42d3,
	0xfa00: 0x05d7,
	0xfa01: 0x36d6,
	0xfb00: 0xd9dc,
	0xfb01: 0xaedd,
	0xfc00: 0x56e1,
	0xfc01: 0x9ae0,
	0xfd00: 0x02e6,
	0xfd01: 0x31e7,
	0xfe00: 0xfeeb,
	0xfe01: 0xcdea,
	0xff00: 0xaaf0,
	0xff01: 0x44f1,
}
